actions,ground_truths,board_numbers,image_numbers
Right,up,0,0
Right,up,0,1
Right,left,0,10
Right,left,0,11
Right,left,0,12
Right,left,0,13
Right,left,0,14
Right,left,0,15
Right,grip,0,16
Right,up,0,2
Right,up,0,3
Right,up,0,4
Right,up,0,5
Right,up,0,6
Right,up,0,7
Right,left,0,8
Right,left,0,9
Right,up,1,0
Right,up,1,1
Right,left,1,10
Right,left,1,11
Right,left,1,12
Right,left,1,13
Right,left,1,14
Right,left,1,15
Right,left,1,16
Right,left,1,17
Right,grip,1,18
Right,up,1,2
Right,up,1,3
Left,up,1,4
Left,up,1,5
Left,up,1,6
Left,up,1,7
Left,up,1,8
Left,up,1,9
Right,up,10,0
Right,up,10,1
Right,right,10,10
Right,right,10,11
Right,right,10,12
Right,right,10,13
Right,right,10,14
Right,right,10,15
Left,grip,10,16
Right,up,10,2
Right,up,10,3
Right,up,10,4
Right,up,10,5
Right,up,10,6
Right,up,10,7
Right,up,10,8
Right,up,10,9
Right,down,100,0
Right,down,100,1
Right,left,100,10
Right,left,100,11
Right,left,100,12
Right,left,100,13
Right,left,100,14
Right,left,100,15
Right,grip,100,16
Right,down,100,2
Right,down,100,3
Right,down,100,4
Right,down,100,5
Right,down,100,6
Right,left,100,7
Right,left,100,8
Right,left,100,9
Right,down,101,0
Right,down,101,1
Right,left,101,10
Right,grip,101,11
Right,down,101,2
Right,down,101,3
Right,down,101,4
Right,down,101,5
Right,down,101,6
Right,left,101,7
Right,left,101,8
Right,left,101,9
Left,up,102,0
Left,up,102,1
Left,up,102,2
Left,up,102,3
Left,up,102,4
Left,up,102,5
Left,right,102,6
Left,right,102,7
Left,grip,102,8
Left,up,103,0
Left,up,103,1
Left,right,103,2
Left,right,103,3
Left,grip,103,4
Right,down,104,0
Right,down,104,1
Right,down,104,2
Right,down,104,3
Right,right,104,4
Right,grip,104,5
Right,down,105,0
Right,down,105,1
Right,down,105,2
Right,grip,105,3
Left,up,106,0
Left,up,106,1
Left,right,106,2
Left,right,106,3
Left,right,106,4
Left,right,106,5
Left,right,106,6
Left,right,106,7
Left,right,106,8
Left,grip,106,9
Left,up,107,0
Left,up,107,1
Left,right,107,10
Left,right,107,11
Left,right,107,12
Left,right,107,13
Left,right,107,14
Left,right,107,15
Left,right,107,16
Left,grip,107,17
Left,up,107,2
Left,up,107,3
Left,up,107,4
Left,up,107,5
Left,up,107,6
Left,up,107,7
Left,up,107,8
Left,up,107,9
Right,right,108,0
Right,right,108,1
Right,right,108,2
Right,right,108,3
Right,grip,108,4
Right,right,109,0
Right,right,109,1
Right,right,109,2
Right,right,109,3
Right,right,109,4
Right,grip,109,5
Right,up,11,0
Right,up,11,1
Right,up,11,2
Right,up,11,3
Right,right,11,4
Right,right,11,5
Right,right,11,6
Right,right,11,7
Right,grip,11,8
Right,down,110,0
Right,down,110,1
Right,right,110,10
Right,right,110,11
Right,grip,110,12
Right,down,110,2
Right,down,110,3
Right,down,110,4
Right,down,110,5
Right,right,110,6
Right,right,110,7
Right,right,110,8
Right,right,110,9
Right,down,111,0
Right,down,111,1
Right,right,111,2
Right,right,111,3
Right,right,111,4
Right,grip,111,5
Left,up,112,0
Left,up,112,1
Left,left,112,10
Left,left,112,11
Left,left,112,12
Left,grip,112,13
Left,up,112,2
Left,left,112,3
Left,left,112,4
Left,left,112,5
Left,left,112,6
Left,left,112,7
Left,left,112,8
Left,left,112,9
Right,up,113,0
Right,up,113,1
Up,left,113,10
Up,left,113,11
Up,left,113,12
Up,left,113,13
Up,left,113,14
Up,left,113,15
Up,grip,113,16
Up,up,113,2
Up,up,113,3
Up,up,113,4
Up,up,113,5
Up,up,113,6
Up,up,113,7
Up,up,113,8
Up,up,113,9
Right,up,114,0
Right,left,114,1
Right,left,114,10
Right,grip,114,11
Right,left,114,2
Right,left,114,3
Right,left,114,4
Right,left,114,5
Right,left,114,6
Right,left,114,7
Right,left,114,8
Right,left,114,9
Right,up,115,0
Right,left,115,1
Right,left,115,2
Right,left,115,3
Right,left,115,4
Right,left,115,5
Right,left,115,6
Right,left,115,7
Right,left,115,8
Right,grip,115,9
Right,down,116,0
Right,down,116,1
Right,down,116,2
Right,down,116,3
Right,down,116,4
Right,left,116,5
Right,left,116,6
Right,left,116,7
Right,grip,116,8
Right,down,117,0
Right,down,117,1
Right,left,117,10
Right,left,117,11
Right,left,117,12
Right,left,117,13
Right,left,117,14
Right,grip,117,15
Right,down,117,2
Right,down,117,3
Right,down,117,4
Right,down,117,5
Right,left,117,6
Right,left,117,7
Right,left,117,8
Right,left,117,9
Left,up,118,0
Left,up,118,1
Left,right,118,2
Left,grip,118,3
Left,up,119,0
Left,up,119,1
Left,right,119,10
Left,grip,119,11
Left,up,119,2
Left,up,119,3
Left,up,119,4
Left,up,119,5
Left,up,119,6
Left,up,119,7
Left,up,119,8
Left,up,119,9
Right,down,12,0
Right,right,12,1
Right,right,12,2
Right,right,12,3
Right,right,12,4
Right,right,12,5
Right,grip,12,6
Right,down,120,0
Right,down,120,1
Right,down,120,2
Right,down,120,3
Right,grip,120,4
Right,down,121,0
Right,down,121,1
Right,down,121,2
Right,down,121,3
Right,right,121,4
Right,grip,121,5
Left,up,122,0
Left,up,122,1
Left,up,122,2
Left,up,122,3
Left,right,122,4
Left,right,122,5
Left,grip,122,6
Right,up,123,0
Right,up,123,1
Right,right,123,10
Right,right,123,11
Right,right,123,12
Left,grip,123,13
Right,up,123,2
Right,up,123,3
Right,up,123,4
Right,up,123,5
Right,up,123,6
Right,right,123,7
Right,right,123,8
Right,right,123,9
Right,down,124,0
Right,right,124,1
Right,right,124,2
Right,right,124,3
Right,right,124,4
Right,right,124,5
Right,right,124,6
Right,grip,124,7
Right,right,125,0
Right,right,125,1
Right,grip,125,2
Right,down,126,0
Right,down,126,1
Right,right,126,2
Right,right,126,3
Right,right,126,4
Right,right,126,5
Right,right,126,6
Right,right,126,7
Right,grip,126,8
Right,down,127,0
Right,down,127,1
Right,down,127,2
Right,down,127,3
Right,down,127,4
Right,down,127,5
Right,right,127,6
Right,right,127,7
Right,grip,127,8
Up,up,128,0
Up,up,128,1
Up,left,128,10
Up,left,128,11
Up,left,128,12
Up,left,128,13
Up,left,128,14
Up,left,128,15
Up,grip,128,16
Up,up,128,2
Up,up,128,3
Up,up,128,4
Up,up,128,5
Up,up,128,6
Up,up,128,7
Up,left,128,8
Up,left,128,9
Up,up,129,0
Up,up,129,1
Up,left,129,10
Up,left,129,11
Up,left,129,12
Up,left,129,13
Up,left,129,14
Up,left,129,15
Up,grip,129,16
Up,up,129,2
Up,up,129,3
Up,up,129,4
Up,up,129,5
Up,up,129,6
Up,left,129,7
Up,left,129,8
Up,left,129,9
Right,up,13,0
Right,right,13,1
Right,right,13,2
Right,right,13,3
Right,grip,13,4
Up,down,130,0
Up,left,130,1
Up,left,130,2
Up,grip,130,3
Right,left,131,0
Right,left,131,1
Right,left,131,2
Right,left,131,3
Right,left,131,4
Up,left,131,5
Right,left,131,6
Right,left,131,7
Right,grip,131,8
Right,down,132,0
Right,down,132,1
Right,grip,132,10
Right,left,132,2
Right,left,132,3
Right,left,132,4
Right,left,132,5
Right,left,132,6
Right,left,132,7
Right,left,132,8
Right,left,132,9
Right,down,133,0
Up,down,133,1
Up,left,133,10
Up,grip,133,11
Right,down,133,2
Right,down,133,3
Right,down,133,4
Right,left,133,5
Up,left,133,6
Up,left,133,7
Up,left,133,8
Up,left,133,9
Up,up,134,0
Up,up,134,1
Up,up,134,2
Up,up,134,3
Up,up,134,4
Up,right,134,5
Up,grip,134,6
Left,up,135,0
Left,up,135,1
Left,up,135,2
Left,up,135,3
Left,up,135,4
Left,left,135,5
Left,grip,135,6
Right,down,136,0
Right,down,136,1
Right,left,136,2
Right,grip,136,3
Right,down,137,0
Right,down,137,1
Right,down,137,2
Right,down,137,3
Right,down,137,4
Right,down,137,5
Right,down,137,6
Right,right,137,7
Right,grip,137,8
Right,up,138,0
Right,up,138,1
Left,right,138,2
Left,right,138,3
Left,right,138,4
Left,right,138,5
Left,grip,138,6
Right,up,139,0
Right,up,139,1
Right,right,139,10
Right,right,139,11
Right,right,139,12
Right,grip,139,13
Right,up,139,2
Right,up,139,3
Right,up,139,4
Right,up,139,5
Right,right,139,6
Up,right,139,7
Up,right,139,8
Up,right,139,9
Right,down,14,0
Right,down,14,1
Right,down,14,2
Right,down,14,3
Right,down,14,4
Right,down,14,5
Right,right,14,6
Right,right,14,7
Right,right,14,8
Right,grip,14,9
Right,down,140,0
Right,right,140,1
Right,right,140,2
Right,right,140,3
Right,right,140,4
Right,right,140,5
Right,right,140,6
Right,right,140,7
Right,grip,140,8
Up,down,141,0
Up,right,141,1
Right,right,141,2
Up,right,141,3
Up,right,141,4
Up,right,141,5
Right,right,141,6
Up,right,141,7
Up,grip,141,8
Right,down,142,0
Right,down,142,1
Right,right,142,10
Right,right,142,11
Right,grip,142,12
Right,down,142,2
Right,down,142,3
Right,down,142,4
Right,right,142,5
Right,right,142,6
Right,right,142,7
Right,right,142,8
Right,right,142,9
Right,down,143,0
Right,down,143,1
Right,right,143,10
Right,right,143,11
Right,grip,143,12
Right,down,143,2
Right,down,143,3
Right,down,143,4
Right,right,143,5
Right,right,143,6
Right,right,143,7
Right,right,143,8
Right,right,143,9
Right,up,144,0
Right,up,144,1
Up,left,144,10
Up,left,144,11
Left,grip,144,12
Right,up,144,2
Right,up,144,3
Right,up,144,4
Left,up,144,5
Left,up,144,6
Right,up,144,7
Left,up,144,8
Up,left,144,9
Up,up,145,0
Up,up,145,1
Up,left,145,10
Up,left,145,11
Up,left,145,12
Up,left,145,13
Up,grip,145,14
Up,up,145,2
Up,up,145,3
Up,left,145,4
Up,left,145,5
Up,left,145,6
Up,left,145,7
Up,left,145,8
Up,left,145,9
Right,left,146,0
Right,left,146,1
Right,left,146,2
Right,left,146,3
Right,grip,146,4
Right,left,147,0
Right,left,147,1
Right,grip,147,10
Right,left,147,2
Right,left,147,3
Right,left,147,4
Right,left,147,5
Right,left,147,6
Right,left,147,7
Right,left,147,8
Right,left,147,9
Right,down,148,0
Right,down,148,1
Right,left,148,2
Right,left,148,3
Right,left,148,4
Right,left,148,5
Right,left,148,6
Right,left,148,7
Right,grip,148,8
Right,down,149,0
Right,down,149,1
Right,left,149,2
Right,left,149,3
Right,left,149,4
Right,grip,149,5
Right,down,15,0
Right,down,15,1
Right,right,15,10
Right,right,15,11
Right,grip,15,12
Right,down,15,2
Right,down,15,3
Right,down,15,4
Right,right,15,5
Right,right,15,6
Right,right,15,7
Right,right,15,8
Right,right,15,9
Left,up,150,0
Left,up,150,1
Left,up,150,2
Left,up,150,3
Left,up,150,4
Left,up,150,5
Left,up,150,6
Left,up,150,7
Left,left,150,8
Left,grip,150,9
Left,up,151,0
Left,up,151,1
Left,up,151,2
Left,up,151,3
Left,up,151,4
Left,left,151,5
Left,grip,151,6
Right,down,152,0
Right,down,152,1
Right,down,152,2
Right,down,152,3
Right,down,152,4
Right,down,152,5
Right,left,152,6
Right,grip,152,7
Right,down,153,0
Right,down,153,1
Right,down,153,2
Right,down,153,3
Right,down,153,4
Right,down,153,5
Right,left,153,6
Right,grip,153,7
Left,up,154,0
Left,up,154,1
Left,right,154,10
Left,right,154,11
Left,right,154,12
Left,grip,154,13
Left,up,154,2
Left,up,154,3
Left,up,154,4
Left,up,154,5
Left,up,154,6
Left,up,154,7
Left,right,154,8
Left,right,154,9
Left,up,155,0
Left,up,155,1
Left,grip,155,10
Left,up,155,2
Left,up,155,3
Left,up,155,4
Left,up,155,5
Left,up,155,6
Left,right,155,7
Left,right,155,8
Left,right,155,9
Right,up,156,0
Right,right,156,1
Right,right,156,2
Right,right,156,3
Right,grip,156,4
Right,up,157,0
Right,right,157,1
Right,right,157,2
Right,right,157,3
Right,right,157,4
Right,right,157,5
Right,grip,157,6
Right,down,158,0
Right,down,158,1
Right,down,158,2
Right,down,158,3
Right,right,158,4
Right,right,158,5
Right,right,158,6
Right,right,158,7
Right,right,158,8
Right,grip,158,9
Right,down,159,0
Right,down,159,1
Right,down,159,2
Right,down,159,3
Right,down,159,4
Right,right,159,5
Right,right,159,6
Right,right,159,7
Right,right,159,8
Right,grip,159,9
Right,up,16,0
Right,up,16,1
Right,left,16,10
Right,left,16,11
Right,left,16,12
Right,left,16,13
Right,left,16,14
Right,grip,16,15
Right,up,16,2
Right,up,16,3
Right,up,16,4
Right,up,16,5
Right,up,16,6
Right,up,16,7
Right,up,16,8
Right,up,16,9
Right,up,160,0
Right,up,160,1
Right,left,160,10
Right,left,160,11
Left,left,160,12
Right,left,160,13
Right,grip,160,14
Right,up,160,2
Right,up,160,3
Right,up,160,4
Right,up,160,5
Right,up,160,6
Right,up,160,7
Right,left,160,8
Right,left,160,9
Up,up,161,0
Up,up,161,1
Up,left,161,10
Up,left,161,11
Up,left,161,12
Up,left,161,13
Up,grip,161,14
Up,up,161,2
Up,up,161,3
Up,up,161,4
Up,up,161,5
Left,up,161,6
Left,up,161,7
Left,up,161,8
Up,up,161,9
Left,left,162,0
Left,left,162,1
Left,grip,162,2
Up,up,163,0
Up,left,163,1
Up,left,163,2
Up,left,163,3
Up,left,163,4
Up,left,163,5
Up,left,163,6
Up,grip,163,7
Right,down,164,0
Right,down,164,1
Right,left,164,10
Right,left,164,11
Right,left,164,12
Right,left,164,13
Right,left,164,14
Right,grip,164,15
Right,down,164,2
Right,down,164,3
Right,down,164,4
Right,down,164,5
Right,left,164,6
Right,left,164,7
Right,left,164,8
Right,left,164,9
Right,down,165,0
Right,down,165,1
Right,left,165,10
Right,left,165,11
Right,left,165,12
Right,left,165,13
Right,grip,165,14
Right,down,165,2
Right,down,165,3
Right,down,165,4
Right,left,165,5
Right,left,165,6
Right,left,165,7
Right,left,165,8
Right,left,165,9
Left,up,166,0
Left,up,166,1
Left,up,166,2
Left,up,166,3
Left,right,166,4
Left,right,166,5
Left,grip,166,6
Left,up,167,0
Left,up,167,1
Left,up,167,2
Left,up,167,3
Left,right,167,4
Left,right,167,5
Left,grip,167,6
Right,down,168,0
Right,down,168,1
Right,down,168,2
Right,down,168,3
Right,down,168,4
Right,down,168,5
Right,right,168,6
Right,right,168,7
Right,grip,168,8
Right,down,169,0
Right,down,169,1
Right,down,169,2
Right,down,169,3
Right,right,169,4
Right,grip,169,5
Left,up,17,0
Left,up,17,1
Right,grip,17,10
Left,up,17,2
Left,up,17,3
Left,up,17,4
Left,up,17,5
Left,up,17,6
Left,up,17,7
Left,left,17,8
Left,left,17,9
Left,up,170,0
Left,up,170,1
Left,grip,170,10
Left,up,170,2
Left,up,170,3
Left,right,170,4
Left,right,170,5
Left,right,170,6
Left,right,170,7
Left,right,170,8
Left,right,170,9
Right,up,171,0
Right,up,171,1
Right,right,171,2
Right,right,171,3
Right,right,171,4
Right,right,171,5
Right,right,171,6
Right,right,171,7
Right,right,171,8
Right,grip,171,9
Right,down,172,0
Right,right,172,1
Right,right,172,2
Right,right,172,3
Right,right,172,4
Right,right,172,5
Right,right,172,6
Right,right,172,7
Right,right,172,8
Right,grip,172,9
Right,right,173,0
Right,right,173,1
Right,right,173,2
Right,right,173,3
Right,grip,173,4
Right,down,174,0
Right,down,174,1
Right,right,174,10
Right,right,174,11
Right,right,174,12
Right,grip,174,13
Right,down,174,2
Right,down,174,3
Right,down,174,4
Right,down,174,5
Right,down,174,6
Right,right,174,7
Right,right,174,8
Right,right,174,9
Right,down,175,0
Right,down,175,1
Right,down,175,2
Right,down,175,3
Right,down,175,4
Right,down,175,5
Right,right,175,6
Right,right,175,7
Right,right,175,8
Right,grip,175,9
Left,up,176,0
Left,up,176,1
Up,left,176,10
Up,left,176,11
Left,left,176,12
Left,left,176,13
Up,left,176,14
Up,left,176,15
Up,grip,176,16
Left,up,176,2
Left,up,176,3
Up,up,176,4
Left,up,176,5
Up,up,176,6
Left,up,176,7
Left,up,176,8
Up,left,176,9
Left,up,177,0
Left,up,177,1
Left,left,177,10
Left,left,177,11
Left,grip,177,12
Left,up,177,2
Left,up,177,3
Left,up,177,4
Left,up,177,5
Left,up,177,6
Left,up,177,7
Left,left,177,8
Left,left,177,9
Right,down,178,0
Right,left,178,1
Right,left,178,2
Right,left,178,3
Right,left,178,4
Right,left,178,5
Right,left,178,6
Right,grip,178,7
Up,down,179,0
Up,left,179,1
Up,left,179,2
Right,left,179,3
Right,grip,179,4
Right,up,18,0
Right,left,18,1
Right,left,18,2
Right,left,18,3
Right,left,18,4
Right,left,18,5
Right,left,18,6
Right,grip,18,7
Up,down,180,0
Up,down,180,1
Up,down,180,2
Up,left,180,3
Up,left,180,4
Up,left,180,5
Up,left,180,6
Right,left,180,7
Right,grip,180,8
Right,down,181,0
Right,down,181,1
Right,down,181,2
Right,left,181,3
Right,left,181,4
Right,left,181,5
Right,grip,181,6
Left,up,182,0
Left,up,182,1
Left,up,182,2
Left,up,182,3
Left,up,182,4
Left,up,182,5
Left,left,182,6
Left,grip,182,7
Left,up,183,0
Left,up,183,1
Left,up,183,2
Left,up,183,3
Left,up,183,4
Left,up,183,5
Left,up,183,6
Left,up,183,7
Left,up,183,8
Left,grip,183,9
Right,down,184,0
Right,down,184,1
Right,down,184,2
Right,down,184,3
Right,down,184,4
Right,grip,184,5
Right,down,185,0
Right,down,185,1
Right,down,185,2
Right,down,185,3
Right,down,185,4
Right,grip,185,5
Right,up,186,0
Right,up,186,1
Right,grip,186,10
Right,up,186,2
Right,up,186,3
Right,up,186,4
Right,up,186,5
Right,right,186,6
Right,right,186,7
Right,right,186,8
Right,right,186,9
Left,up,187,0
Left,up,187,1
Left,right,187,10
Left,right,187,11
Left,grip,187,12
Left,up,187,2
Left,up,187,3
Left,up,187,4
Left,up,187,5
Left,up,187,6
Left,up,187,7
Left,right,187,8
Left,right,187,9
Right,right,188,0
Right,right,188,1
Right,right,188,2
Right,right,188,3
Right,grip,188,4
Right,down,189,0
Right,right,189,1
Right,right,189,2
Right,grip,189,3
Right,down,19,0
Right,left,19,1
Right,left,19,2
Right,left,19,3
Right,left,19,4
Right,left,19,5
Right,left,19,6
Right,left,19,7
Right,left,19,8
Right,grip,19,9
Right,down,190,0
Right,down,190,1
Right,grip,190,10
Right,down,190,2
Right,right,190,3
Right,right,190,4
Right,right,190,5
Right,right,190,6
Right,right,190,7
Right,right,190,8
Right,right,190,9
Right,down,191,0
Right,down,191,1
Right,right,191,10
Right,right,191,11
Right,grip,191,12
Right,down,191,2
Right,down,191,3
Right,down,191,4
Right,right,191,5
Right,right,191,6
Right,right,191,7
Right,right,191,8
Right,right,191,9
Left,up,192,0
Left,up,192,1
Up,left,192,10
Up,left,192,11
Up,left,192,12
Up,left,192,13
Up,left,192,14
Up,left,192,15
Up,left,192,16
Up,grip,192,17
Up,up,192,2
Up,up,192,3
Up,up,192,4
Up,up,192,5
Up,up,192,6
Up,up,192,7
Up,left,192,8
Up,left,192,9
Up,up,193,0
Up,up,193,1
Up,left,193,10
Up,left,193,11
Up,grip,193,12
Up,up,193,2
Up,up,193,3
Up,up,193,4
Up,up,193,5
Up,left,193,6
Up,left,193,7
Up,left,193,8
Up,left,193,9
Up,up,194,0
Up,left,194,1
Up,left,194,2
Up,left,194,3
Up,left,194,4
Left,left,194,5
Up,left,194,6
Left,grip,194,7
Up,left,195,0
Up,left,195,1
Up,left,195,2
Up,left,195,3
Up,left,195,4
Up,left,195,5
Up,left,195,6
Up,left,195,7
Up,left,195,8
Right,grip,195,9
Up,down,196,0
Up,down,196,1
Up,down,196,2
Up,down,196,3
Up,down,196,4
Up,left,196,5
Up,left,196,6
Up,grip,196,7
Right,down,197,0
Right,down,197,1
Right,down,197,2
Right,left,197,3
Right,left,197,4
Right,left,197,5
Right,left,197,6
Right,grip,197,7
Up,up,198,0
Up,up,198,1
Up,right,198,10
Up,grip,198,11
Up,up,198,2
Up,up,198,3
Up,up,198,4
Up,up,198,5
Up,up,198,6
Up,up,198,7
Up,up,198,8
Up,right,198,9
Left,up,199,0
Left,up,199,1
Left,up,199,2
Left,up,199,3
Left,up,199,4
Left,up,199,5
Left,up,199,6
Right,right,199,7
Right,right,199,8
Right,grip,199,9
Right,left,2,0
Right,left,2,1
Right,left,2,2
Right,left,2,3
Right,left,2,4
Right,left,2,5
Right,left,2,6
Right,grip,2,7
Right,down,20,0
Right,down,20,1
Right,down,20,2
Right,down,20,3
Right,down,20,4
Right,left,20,5
Right,left,20,6
Right,grip,20,7
Right,down,200,0
Right,down,200,1
Right,down,200,2
Right,down,200,3
Right,down,200,4
Right,right,200,5
Right,grip,200,6
Right,down,201,0
Right,down,201,1
Right,right,201,2
Right,grip,201,3
Up,up,202,0
Left,up,202,1
Up,right,202,10
Up,right,202,11
Up,right,202,12
Up,grip,202,13
Left,up,202,2
Left,up,202,3
Left,up,202,4
Left,up,202,5
Left,up,202,6
Left,up,202,7
Up,up,202,8
Up,up,202,9
Right,up,203,0
Right,up,203,1
Right,right,203,10
Right,grip,203,11
Right,up,203,2
Right,up,203,3
Right,up,203,4
Right,up,203,5
Right,right,203,6
Right,right,203,7
Right,right,203,8
Left,right,203,9
Right,up,204,0
Up,right,204,1
Up,right,204,2
Up,right,204,3
Up,grip,204,4
Up,down,205,0
Right,right,205,1
Right,right,205,2
Up,right,205,3
Right,right,205,4
Right,grip,205,5
Right,down,206,0
Right,down,206,1
Right,grip,206,10
Right,down,206,2
Right,down,206,3
Right,right,206,4
Right,right,206,5
Right,right,206,6
Right,right,206,7
Right,right,206,8
Right,right,206,9
Right,down,207,0
Right,down,207,1
Right,right,207,10
Right,right,207,11
Right,grip,207,12
Right,down,207,2
Right,down,207,3
Right,down,207,4
Right,right,207,5
Right,right,207,6
Right,right,207,7
Right,right,207,8
Right,right,207,9
Up,up,208,0
Up,up,208,1
Up,left,208,10
Up,left,208,11
Up,left,208,12
Up,left,208,13
Up,left,208,14
Up,grip,208,15
Up,up,208,2
Up,up,208,3
Up,up,208,4
Up,up,208,5
Up,up,208,6
Up,up,208,7
Up,up,208,8
Up,up,208,9
Up,up,209,0
Up,up,209,1
Up,grip,209,10
Up,up,209,2
Up,up,209,3
Up,up,209,4
Up,up,209,5
Up,up,209,6
Up,up,209,7
Up,left,209,8
Up,left,209,9
Right,down,21,0
Right,down,21,1
Right,grip,21,10
Right,down,21,2
Right,down,21,3
Right,down,21,4
Right,left,21,5
Right,left,21,6
Right,left,21,7
Right,left,21,8
Right,left,21,9
Right,left,210,0
Right,left,210,1
Right,left,210,2
Right,left,210,3
Right,left,210,4
Right,left,210,5
Right,left,210,6
Right,left,210,7
Right,grip,210,8
Up,down,211,0
Up,left,211,1
Up,left,211,10
Up,grip,211,11
Up,left,211,2
Up,left,211,3
Up,left,211,4
Up,left,211,5
Up,left,211,6
Up,left,211,7
Up,left,211,8
Up,left,211,9
Right,down,212,0
Right,down,212,1
Right,left,212,10
Right,left,212,11
Right,left,212,12
Right,left,212,13
Right,grip,212,14
Right,down,212,2
Right,down,212,3
Right,down,212,4
Right,down,212,5
Right,left,212,6
Right,left,212,7
Right,left,212,8
Right,left,212,9
Right,down,213,0
Right,down,213,1
Right,down,213,2
Right,down,213,3
Right,left,213,4
Right,left,213,5
Right,grip,213,6
Up,up,214,0
Up,up,214,1
Up,grip,214,10
Up,up,214,2
Up,up,214,3
Up,up,214,4
Up,up,214,5
Up,up,214,6
Up,up,214,7
Up,up,214,8
Up,up,214,9
Left,up,215,0
Left,up,215,1
Left,up,215,2
Left,up,215,3
Left,right,215,4
Left,grip,215,5
Right,down,216,0
Right,down,216,1
Right,down,216,2
Right,left,216,3
Right,grip,216,4
Right,down,217,0
Right,down,217,1
Right,down,217,2
Right,right,217,3
Right,grip,217,4
Left,up,218,0
Left,up,218,1
Left,up,218,2
Left,up,218,3
Left,right,218,4
Left,right,218,5
Up,grip,218,6
Right,up,219,0
Right,up,219,1
Up,grip,219,10
Right,up,219,2
Right,up,219,3
Right,up,219,4
Right,up,219,5
Right,right,219,6
Right,right,219,7
Up,right,219,8
Up,right,219,9
Right,up,22,0
Right,up,22,1
Right,up,22,2
Right,up,22,3
Right,up,22,4
Right,up,22,5
Right,up,22,6
Right,left,22,7
Right,grip,22,8
Up,up,220,0
Right,right,220,1
Right,right,220,2
Up,right,220,3
Up,right,220,4
Right,right,220,5
Right,grip,220,6
Up,down,221,0
Up,right,221,1
Up,right,221,2
Up,grip,221,3
Right,down,222,0
Right,down,222,1
Right,right,222,2
Right,right,222,3
Right,right,222,4
Right,right,222,5
Right,right,222,6
Right,right,222,7
Right,grip,222,8
Right,down,223,0
Right,down,223,1
Right,down,223,2
Right,right,223,3
Right,right,223,4
Right,right,223,5
Right,grip,223,6
Up,up,224,0
Up,up,224,1
Up,left,224,2
Up,left,224,3
Up,left,224,4
Up,left,224,5
Up,left,224,6
Up,grip,224,7
Up,up,225,0
Up,up,225,1
Up,left,225,10
Up,left,225,11
Up,left,225,12
Up,left,225,13
Up,left,225,14
Up,grip,225,15
Up,up,225,2
Up,up,225,3
Up,up,225,4
Up,up,225,5
Up,up,225,6
Up,up,225,7
Up,up,225,8
Up,up,225,9
Up,down,226,0
Up,left,226,1
Up,left,226,2
Up,left,226,3
Up,left,226,4
Up,left,226,5
Up,grip,226,6
Up,left,227,0
Up,left,227,1
Up,left,227,2
Up,left,227,3
Up,left,227,4
Up,left,227,5
Right,left,227,6
Up,grip,227,7
Right,down,228,0
Right,down,228,1
Right,left,228,10
Right,left,228,11
Up,left,228,12
Right,left,228,13
Right,left,228,14
Right,grip,228,15
Right,down,228,2
Right,down,228,3
Right,down,228,4
Right,down,228,5
Right,down,228,6
Right,left,228,7
Right,left,228,8
Right,left,228,9
Up,down,229,0
Up,down,229,1
Up,left,229,10
Right,left,229,11
Up,grip,229,12
Up,down,229,2
Up,down,229,3
Up,down,229,4
Up,down,229,5
Up,left,229,6
Up,left,229,7
Up,left,229,8
Up,left,229,9
Right,up,23,0
Right,up,23,1
Right,up,23,2
Right,up,23,3
Right,up,23,4
Right,right,23,5
Right,grip,23,6
Up,up,230,0
Up,up,230,1
Up,up,230,2
Left,up,230,3
Left,up,230,4
Left,up,230,5
Left,left,230,6
Left,grip,230,7
Right,up,231,0
Right,up,231,1
Up,up,231,2
Up,up,231,3
Up,up,231,4
Up,up,231,5
Up,right,231,6
Up,grip,231,7
Right,down,232,0
Right,down,232,1
Right,down,232,2
Right,down,232,3
Up,down,232,4
Right,grip,232,5
Right,down,233,0
Right,down,233,1
Right,down,233,2
Right,down,233,3
Right,down,233,4
Right,down,233,5
Right,down,233,6
Right,grip,233,7
Up,up,234,0
Up,up,234,1
Up,right,234,10
Up,right,234,11
Up,right,234,12
Up,grip,234,13
Up,up,234,2
Up,up,234,3
Up,up,234,4
Up,up,234,5
Up,up,234,6
Up,up,234,7
Up,right,234,8
Up,right,234,9
Up,up,235,0
Up,up,235,1
Up,right,235,10
Up,right,235,11
Up,right,235,12
Up,right,235,13
Up,right,235,14
Up,grip,235,15
Up,up,235,2
Up,up,235,3
Up,up,235,4
Up,up,235,5
Up,up,235,6
Up,up,235,7
Up,up,235,8
Up,right,235,9
Up,down,236,0
Up,right,236,1
Up,right,236,2
Up,right,236,3
Up,grip,236,4
Up,down,237,0
Up,right,237,1
Up,right,237,2
Up,right,237,3
Up,right,237,4
Up,right,237,5
Up,right,237,6
Up,grip,237,7
Right,down,238,0
Right,down,238,1
Right,down,238,2
Right,right,238,3
Right,right,238,4
Right,right,238,5
Right,right,238,6
Right,right,238,7
Right,right,238,8
Right,grip,238,9
Right,down,239,0
Right,down,239,1
Right,grip,239,10
Right,down,239,2
Right,down,239,3
Right,down,239,4
Right,down,239,5
Right,right,239,6
Right,right,239,7
Right,right,239,8
Right,right,239,9
Right,down,24,0
Right,down,24,1
Right,right,24,2
Right,grip,24,3
Up,up,240,0
Up,up,240,1
Up,grip,240,10
Up,up,240,2
Up,up,240,3
Up,up,240,4
Up,up,240,5
Up,up,240,6
Up,up,240,7
Up,left,240,8
Up,left,240,9
Up,up,241,0
Up,up,241,1
Up,left,241,10
Up,left,241,11
Up,grip,241,12
Up,up,241,2
Up,up,241,3
Up,up,241,4
Up,left,241,5
Up,left,241,6
Up,left,241,7
Up,left,241,8
Up,left,241,9
Up,left,242,0
Up,left,242,1
Up,grip,242,10
Up,left,242,2
Up,left,242,3
Up,left,242,4
Up,left,242,5
Right,left,242,6
Right,left,242,7
Right,left,242,8
Right,left,242,9
Up,left,243,0
Up,left,243,1
Up,left,243,2
Up,left,243,3
Up,grip,243,4
Right,down,244,0
Right,down,244,1
Right,down,244,2
Right,down,244,3
Right,down,244,4
Right,left,244,5
Right,left,244,6
Right,grip,244,7
Up,down,245,0
Up,down,245,1
Right,left,245,10
Up,left,245,11
Up,left,245,12
Up,grip,245,13
Up,down,245,2
Up,down,245,3
Up,down,245,4
Right,down,245,5
Right,left,245,6
Right,left,245,7
Right,left,245,8
Right,left,245,9
Left,up,246,0
Left,up,246,1
Left,up,246,2
Left,up,246,3
Left,up,246,4
Left,up,246,5
Left,left,246,6
Left,grip,246,7
Up,up,247,0
Up,up,247,1
Left,up,247,2
Left,up,247,3
Up,left,247,4
Left,grip,247,5
Right,down,248,0
Right,down,248,1
Right,down,248,2
Right,right,248,3
Right,grip,248,4
Right,down,249,0
Right,down,249,1
Right,down,249,2
Right,grip,249,3
Right,down,25,0
Right,down,25,1
Right,down,25,2
Right,right,25,3
Right,grip,25,4
Right,up,250,0
Right,up,250,1
Right,grip,250,10
Right,up,250,2
Right,up,250,3
Right,up,250,4
Right,up,250,5
Right,right,250,6
Right,right,250,7
Right,right,250,8
Right,right,250,9
Up,up,251,0
Up,up,251,1
Up,right,251,2
Up,right,251,3
Up,right,251,4
Up,right,251,5
Up,right,251,6
Up,right,251,7
Right,grip,251,8
Up,right,252,0
Up,right,252,1
Up,right,252,2
Up,right,252,3
Up,right,252,4
Up,right,252,5
Up,right,252,6
Up,grip,252,7
Right,up,253,0
Right,right,253,1
Right,right,253,2
Right,right,253,3
Right,right,253,4
Right,right,253,5
Right,grip,253,6
Right,down,254,0
Right,down,254,1
Right,right,254,2
Right,right,254,3
Right,right,254,4
Right,right,254,5
Right,grip,254,6
Right,down,255,0
Right,down,255,1
Right,right,255,10
Right,grip,255,11
Right,down,255,2
Right,down,255,3
Right,right,255,4
Right,right,255,5
Right,right,255,6
Right,right,255,7
Right,right,255,8
Right,right,255,9
Left,up,256,0
Left,up,256,1
Left,left,256,10
Right,grip,256,11
Left,up,256,2
Left,left,256,3
Left,left,256,4
Left,left,256,5
Left,left,256,6
Left,left,256,7
Left,left,256,8
Left,left,256,9
Left,up,257,0
Left,up,257,1
Left,left,257,10
Left,left,257,11
Left,left,257,12
Left,grip,257,13
Left,up,257,2
Left,up,257,3
Left,left,257,4
Left,left,257,5
Left,left,257,6
Left,left,257,7
Left,left,257,8
Left,left,257,9
Right,up,258,0
Right,left,258,1
Right,left,258,2
Right,left,258,3
Right,left,258,4
Right,left,258,5
Right,grip,258,6
Right,down,259,0
Right,left,259,1
Right,left,259,2
Right,left,259,3
Right,grip,259,4
Right,up,26,0
Right,up,26,1
Right,up,26,2
Right,right,26,3
Right,right,26,4
Right,right,26,5
Right,grip,26,6
Right,down,260,0
Right,down,260,1
Right,left,260,10
Right,grip,260,11
Right,down,260,2
Right,down,260,3
Right,left,260,4
Right,left,260,5
Right,left,260,6
Right,left,260,7
Right,left,260,8
Right,left,260,9
Right,down,261,0
Right,down,261,1
Right,down,261,2
Right,down,261,3
Right,left,261,4
Right,grip,261,5
Left,up,262,0
Left,up,262,1
Right,right,262,10
Left,right,262,11
Left,grip,262,12
Right,up,262,2
Right,up,262,3
Right,up,262,4
Right,up,262,5
Left,up,262,6
Left,up,262,7
Left,up,262,8
Right,up,262,9
Right,up,263,0
Right,up,263,1
Right,up,263,2
Right,up,263,3
Right,up,263,4
Right,right,263,5
Right,right,263,6
Right,grip,263,7
Right,down,264,0
Right,down,264,1
Right,down,264,2
Right,down,264,3
Right,down,264,4
Right,down,264,5
Right,down,264,6
Right,right,264,7
Right,grip,264,8
Right,down,265,0
Right,down,265,1
Right,down,265,2
Right,down,265,3
Right,grip,265,4
Right,up,266,0
Right,up,266,1
Right,right,266,10
Right,right,266,11
Right,right,266,12
Right,right,266,13
Right,right,266,14
Right,right,266,15
Right,grip,266,16
Right,up,266,2
Right,up,266,3
Right,up,266,4
Right,up,266,5
Right,up,266,6
Right,up,266,7
Right,up,266,8
Right,right,266,9
Right,up,267,0
Right,up,267,1
Up,right,267,10
Up,grip,267,11
Right,up,267,2
Right,up,267,3
Right,up,267,4
Right,right,267,5
Right,right,267,6
Right,right,267,7
Up,right,267,8
Up,right,267,9
Right,down,268,0
Right,right,268,1
Right,right,268,2
Right,right,268,3
Right,right,268,4
Right,right,268,5
Right,right,268,6
Right,right,268,7
Right,grip,268,8
Right,up,269,0
Right,right,269,1
Right,right,269,2
Right,right,269,3
Right,right,269,4
Right,right,269,5
Right,right,269,6
Right,grip,269,7
Right,up,27,0
Right,up,27,1
Right,up,27,2
Right,up,27,3
Right,right,27,4
Right,right,27,5
Right,grip,27,6
Right,down,270,0
Right,down,270,1
Right,right,270,10
Right,right,270,11
Right,right,270,12
Right,right,270,13
Right,grip,270,14
Right,down,270,2
Right,down,270,3
Right,down,270,4
Right,down,270,5
Right,down,270,6
Right,right,270,7
Right,right,270,8
Right,right,270,9
Right,down,271,0
Right,down,271,1
Right,right,271,10
Right,right,271,11
Right,grip,271,12
Right,down,271,2
Right,down,271,3
Right,right,271,4
Right,right,271,5
Right,right,271,6
Right,right,271,7
Right,right,271,8
Right,right,271,9
Up,up,272,0
Up,up,272,1
Up,left,272,10
Up,left,272,11
Up,left,272,12
Up,left,272,13
Up,grip,272,14
Up,up,272,2
Up,up,272,3
Up,up,272,4
Up,up,272,5
Up,up,272,6
Up,left,272,7
Up,left,272,8
Up,left,272,9
Up,up,273,0
Up,up,273,1
Up,left,273,10
Up,left,273,11
Up,left,273,12
Up,left,273,13
Up,left,273,14
Up,left,273,15
Up,left,273,16
Up,left,273,17
Up,grip,273,18
Up,up,273,2
Up,up,273,3
Up,up,273,4
Up,up,273,5
Up,up,273,6
Up,up,273,7
Up,up,273,8
Up,left,273,9
Up,up,274,0
Up,left,274,1
Up,left,274,10
Up,grip,274,11
Up,left,274,2
Up,left,274,3
Up,left,274,4
Right,left,274,5
Right,left,274,6
Right,left,274,7
Right,left,274,8
Up,left,274,9
Up,down,275,0
Up,left,275,1
Up,left,275,2
Up,grip,275,3
Right,down,276,0
Right,down,276,1
Right,down,276,2
Right,left,276,3
Right,left,276,4
Right,grip,276,5
Right,down,277,0
Right,down,277,1
Right,down,277,2
Right,left,277,3
Right,left,277,4
Right,left,277,5
Right,left,277,6
Right,left,277,7
Right,left,277,8
Right,grip,277,9
Up,up,278,0
Up,up,278,1
Up,up,278,2
Up,up,278,3
Up,up,278,4
Right,grip,278,5
Up,up,279,0
Up,up,279,1
Up,up,279,2
Up,up,279,3
Up,up,279,4
Up,up,279,5
Up,left,279,6
Up,grip,279,7
Right,right,28,0
Right,right,28,1
Right,right,28,2
Right,right,28,3
Right,right,28,4
Right,grip,28,5
Right,down,280,0
Right,down,280,1
Right,right,280,2
Right,grip,280,3
Right,down,281,0
Right,down,281,1
Right,down,281,2
Right,down,281,3
Right,down,281,4
Right,grip,281,5
Up,up,282,0
Up,up,282,1
Up,right,282,10
Up,right,282,11
Up,right,282,12
Up,right,282,13
Up,right,282,14
Up,grip,282,15
Up,up,282,2
Up,up,282,3
Up,up,282,4
Up,up,282,5
Up,up,282,6
Up,up,282,7
Up,up,282,8
Up,right,282,9
Up,up,283,0
Up,up,283,1
Up,right,283,2
Up,right,283,3
Up,right,283,4
Up,right,283,5
Up,right,283,6
Up,right,283,7
Up,right,283,8
Up,grip,283,9
Right,right,284,0
Right,right,284,1
Right,right,284,2
Right,right,284,3
Right,grip,284,4
Right,up,285,0
Right,right,285,1
Right,right,285,2
Right,right,285,3
Right,right,285,4
Right,right,285,5
Right,grip,285,6
Right,down,286,0
Right,down,286,1
Right,right,286,2
Right,right,286,3
Right,grip,286,4
Right,down,287,0
Right,down,287,1
Right,right,287,2
Right,right,287,3
Right,right,287,4
Right,right,287,5
Right,right,287,6
Right,right,287,7
Right,right,287,8
Right,grip,287,9
Left,up,288,0
Left,up,288,1
Left,left,288,2
Left,left,288,3
Left,left,288,4
Left,grip,288,5
Left,up,289,0
Left,up,289,1
Left,left,289,10
Left,left,289,11
Left,grip,289,12
Left,up,289,2
Left,up,289,3
Left,up,289,4
Left,up,289,5
Left,up,289,6
Left,left,289,7
Left,left,289,8
Left,left,289,9
Right,up,29,0
Right,right,29,1
Right,right,29,2
Right,right,29,3
Right,right,29,4
Right,right,29,5
Right,right,29,6
Right,grip,29,7
Right,up,290,0
Right,left,290,1
Right,left,290,2
Right,left,290,3
Right,grip,290,4
Right,left,291,0
Right,left,291,1
Left,left,291,2
Right,grip,291,3
Right,down,292,0
Right,down,292,1
Right,left,292,10
Right,grip,292,11
Right,down,292,2
Right,down,292,3
Right,down,292,4
Right,down,292,5
Right,left,292,6
Right,left,292,7
Right,left,292,8
Up,left,292,9
Right,down,293,0
Right,down,293,1
Right,grip,293,10
Right,down,293,2
Right,left,293,3
Right,left,293,4
Right,left,293,5
Right,left,293,6
Right,left,293,7
Right,left,293,8
Right,left,293,9
Left,up,294,0
Left,up,294,1
Left,right,294,10
Left,right,294,11
Left,grip,294,12
Left,up,294,2
Left,up,294,3
Left,up,294,4
Left,up,294,5
Left,up,294,6
Left,up,294,7
Left,up,294,8
Left,up,294,9
Left,up,295,0
Left,up,295,1
Left,up,295,2
Left,up,295,3
Left,up,295,4
Left,right,295,5
Right,grip,295,6
Right,down,296,0
Right,down,296,1
Right,grip,296,2
Right,down,297,0
Right,down,297,1
Right,down,297,2
Right,down,297,3
Right,down,297,4
Right,down,297,5
Right,down,297,6
Right,right,297,7
Right,right,297,8
Right,grip,297,9
Left,up,298,0
Up,up,298,1
Left,right,298,10
Up,right,298,11
Left,right,298,12
Up,right,298,13
Up,right,298,14
Up,right,298,15
Up,grip,298,16
Left,up,298,2
Left,up,298,3
Left,up,298,4
Left,up,298,5
Left,up,298,6
Left,up,298,7
Left,up,298,8
Left,right,298,9
Left,up,299,0
Left,up,299,1
Left,up,299,2
Left,right,299,3
Left,right,299,4
Left,right,299,5
Right,grip,299,6
Right,up,3,0
Right,left,3,1
Right,left,3,2
Right,left,3,3
Right,left,3,4
Right,left,3,5
Right,left,3,6
Right,left,3,7
Right,grip,3,8
Right,down,30,0
Right,down,30,1
Right,right,30,2
Right,right,30,3
Right,right,30,4
Right,grip,30,5
Right,down,300,0
Right,right,300,1
Right,right,300,2
Right,right,300,3
Right,right,300,4
Right,grip,300,5
Right,up,301,0
Right,right,301,1
Right,right,301,2
Right,right,301,3
Right,grip,301,4
Right,down,302,0
Right,down,302,1
Right,grip,302,10
Right,down,302,2
Right,down,302,3
Right,down,302,4
Right,down,302,5
Right,down,302,6
Right,right,302,7
Right,right,302,8
Right,right,302,9
Right,down,303,0
Up,down,303,1
Right,right,303,10
Right,right,303,11
Right,right,303,12
Right,right,303,13
Up,right,303,14
Right,grip,303,15
Right,down,303,2
Up,down,303,3
Up,down,303,4
Up,down,303,5
Right,down,303,6
Right,right,303,7
Right,right,303,8
Right,right,303,9
Left,up,304,0
Left,up,304,1
Left,left,304,10
Left,left,304,11
Left,left,304,12
Left,grip,304,13
Left,up,304,2
Left,up,304,3
Left,up,304,4
Left,up,304,5
Left,left,304,6
Left,left,304,7
Left,left,304,8
Left,left,304,9
Left,up,305,0
Left,up,305,1
Left,left,305,10
Left,left,305,11
Left,left,305,12
Left,grip,305,13
Left,up,305,2
Left,up,305,3
Left,left,305,4
Left,left,305,5
Left,left,305,6
Left,left,305,7
Left,left,305,8
Left,left,305,9
Right,down,306,0
Right,left,306,1
Left,grip,306,10
Right,left,306,2
Left,left,306,3
Right,left,306,4
Right,left,306,5
Left,left,306,6
Left,left,306,7
Left,left,306,8
Right,left,306,9
Up,left,307,0
Up,left,307,1
Left,left,307,2
Left,left,307,3
Left,grip,307,4
Right,down,308,0
Right,down,308,1
Right,left,308,10
Right,left,308,11
Right,grip,308,12
Right,down,308,2
Right,down,308,3
Right,down,308,4
Right,down,308,5
Right,down,308,6
Right,left,308,7
Right,left,308,8
Right,left,308,9
Right,down,309,0
Right,down,309,1
Right,left,309,2
Right,left,309,3
Right,left,309,4
Right,left,309,5
Right,left,309,6
Right,left,309,7
Right,grip,309,8
Right,down,31,0
Right,down,31,1
Right,down,31,2
Right,right,31,3
Right,right,31,4
Right,right,31,5
Right,grip,31,6
Left,up,310,0
Left,up,310,1
Left,grip,310,10
Left,up,310,2
Left,up,310,3
Left,up,310,4
Left,up,310,5
Left,up,310,6
Left,up,310,7
Left,up,310,8
Left,left,310,9
Right,up,311,0
Right,up,311,1
Right,right,311,10
Right,grip,311,11
Right,up,311,2
Right,up,311,3
Right,up,311,4
Left,up,311,5
Right,up,311,6
Right,up,311,7
Right,up,311,8
Right,up,311,9
Right,down,312,0
Right,down,312,1
Right,down,312,2
Right,down,312,3
Right,down,312,4
Right,down,312,5
Right,down,312,6
Right,left,312,7
Right,grip,312,8
Right,down,313,0
Right,down,313,1
Right,down,313,2
Right,down,313,3
Right,down,313,4
Right,grip,313,5
Left,up,314,0
Left,up,314,1
Left,up,314,2
Left,up,314,3
Left,up,314,4
Left,up,314,5
Left,right,314,6
Left,right,314,7
Left,grip,314,8
Left,up,315,0
Left,up,315,1
Left,right,315,10
Left,right,315,11
Left,right,315,12
Left,grip,315,13
Left,up,315,2
Left,up,315,3
Left,up,315,4
Left,up,315,5
Left,up,315,6
Left,up,315,7
Left,up,315,8
Left,right,315,9
Right,right,316,0
Right,right,316,1
Right,right,316,2
Right,right,316,3
Right,right,316,4
Right,grip,316,5
Right,down,317,0
Right,right,317,1
Right,right,317,2
Right,right,317,3
Right,right,317,4
Right,right,317,5
Right,right,317,6
Right,right,317,7
Right,grip,317,8
Right,down,318,0
Right,down,318,1
Right,grip,318,10
Right,down,318,2
Right,down,318,3
Right,down,318,4
Right,down,318,5
Right,right,318,6
Right,right,318,7
Right,right,318,8
Right,right,318,9
Right,down,319,0
Right,down,319,1
Right,down,319,2
Right,right,319,3
Right,right,319,4
Right,right,319,5
Right,right,319,6
Right,right,319,7
Right,right,319,8
Right,grip,319,9
Right,up,32,0
Right,up,32,1
Right,grip,32,10
Right,up,32,2
Right,up,32,3
Right,up,32,4
Right,up,32,5
Right,up,32,6
Right,left,32,7
Right,left,32,8
Right,left,32,9
Up,up,320,0
Up,up,320,1
Up,left,320,10
Up,left,320,11
Up,left,320,12
Up,left,320,13
Up,left,320,14
Up,left,320,15
Up,left,320,16
Up,left,320,17
Up,grip,320,18
Up,up,320,2
Up,up,320,3
Up,up,320,4
Up,up,320,5
Up,up,320,6
Up,up,320,7
Up,left,320,8
Up,left,320,9
Up,up,321,0
Up,up,321,1
Up,left,321,10
Up,left,321,11
Up,grip,321,12
Up,up,321,2
Up,up,321,3
Up,up,321,4
Up,up,321,5
Up,up,321,6
Up,up,321,7
Up,left,321,8
Up,left,321,9
Up,up,322,0
Up,left,322,1
Up,left,322,2
Right,left,322,3
Right,left,322,4
Up,left,322,5
Up,left,322,6
Up,grip,322,7
Up,left,323,0
Right,left,323,1
Up,left,323,2
Right,left,323,3
Right,left,323,4
Right,grip,323,5
Up,down,324,0
Up,down,324,1
Up,left,324,2
Up,left,324,3
Up,left,324,4
Up,left,324,5
Up,left,324,6
Up,grip,324,7
Right,down,325,0
Up,down,325,1
Right,left,325,10
Right,grip,325,11
Up,down,325,2
Up,down,325,3
Up,down,325,4
Right,left,325,5
Up,left,325,6
Up,left,325,7
Right,left,325,8
Right,left,325,9
Left,up,326,0
Left,up,326,1
Left,up,326,2
Left,up,326,3
Left,up,326,4
Left,right,326,5
Left,grip,326,6
Up,up,327,0
Up,up,327,1
Up,up,327,2
Up,up,327,3
Up,up,327,4
Left,left,327,5
Up,grip,327,6
Right,down,328,0
Right,down,328,1
Right,left,328,2
Right,grip,328,3
Right,down,329,0
Right,down,329,1
Right,grip,329,2
Left,up,33,0
Left,up,33,1
Left,up,33,2
Left,left,33,3
Right,left,33,4
Left,grip,33,5
Right,up,330,0
Right,up,330,1
Right,right,330,10
Right,right,330,11
Right,right,330,12
Right,grip,330,13
Right,up,330,2
Right,up,330,3
Right,up,330,4
Right,up,330,5
Right,up,330,6
Right,up,330,7
Right,up,330,8
Right,up,330,9
Right,up,331,0
Right,up,331,1
Right,up,331,2
Right,right,331,3
Right,right,331,4
Right,grip,331,5
Right,right,332,0
Up,right,332,1
Right,grip,332,2
Right,down,333,0
Right,right,333,1
Right,right,333,2
Right,right,333,3
Right,right,333,4
Right,right,333,5
Right,grip,333,6
Right,down,334,0
Right,down,334,1
Right,down,334,2
Right,down,334,3
Right,down,334,4
Right,right,334,5
Right,right,334,6
Right,right,334,7
Right,right,334,8
Right,grip,334,9
Right,down,335,0
Right,down,335,1
Right,down,335,2
Right,down,335,3
Right,down,335,4
Right,right,335,5
Right,right,335,6
Right,grip,335,7
Right,up,336,0
Right,up,336,1
Left,up,336,2
Left,up,336,3
Left,up,336,4
Right,left,336,5
Right,left,336,6
Right,left,336,7
Right,grip,336,8
Left,up,337,0
Left,up,337,1
Left,left,337,10
Left,left,337,11
Left,left,337,12
Left,grip,337,13
Left,up,337,2
Left,up,337,3
Left,up,337,4
Left,up,337,5
Left,up,337,6
Left,left,337,7
Left,left,337,8
Left,left,337,9
Up,down,338,0
Up,left,338,1
Up,left,338,2
Up,left,338,3
Up,grip,338,4
Left,down,339,0
Left,left,339,1
Left,left,339,2
Left,left,339,3
Left,left,339,4
Left,grip,339,5
Right,down,34,0
Right,left,34,1
Right,left,34,2
Right,left,34,3
Right,left,34,4
Right,grip,34,5
Right,down,340,0
Right,down,340,1
Right,grip,340,10
Right,down,340,2
Right,down,340,3
Right,down,340,4
Right,down,340,5
Right,down,340,6
Right,left,340,7
Right,left,340,8
Right,left,340,9
Up,down,341,0
Right,down,341,1
Right,down,341,2
Right,down,341,3
Up,down,341,4
Right,left,341,5
Right,left,341,6
Right,left,341,7
Right,grip,341,8
Left,up,342,0
Left,up,342,1
Left,up,342,2
Left,up,342,3
Left,right,342,4
Left,grip,342,5
Left,up,343,0
Left,up,343,1
Left,up,343,2
Left,up,343,3
Left,up,343,4
Left,up,343,5
Left,left,343,6
Left,grip,343,7
Right,down,344,0
Right,down,344,1
Right,down,344,2
Right,down,344,3
Right,right,344,4
Right,grip,344,5
Right,down,345,0
Right,down,345,1
Right,grip,345,2
Right,up,346,0
Right,up,346,1
Right,right,346,10
Right,right,346,11
Right,right,346,12
Right,grip,346,13
Right,up,346,2
Right,up,346,3
Right,up,346,4
Right,up,346,5
Right,up,346,6
Right,up,346,7
Right,up,346,8
Right,up,346,9
Right,up,347,0
Right,up,347,1
Right,right,347,10
Right,grip,347,11
Right,up,347,2
Right,up,347,3
Right,up,347,4
Left,up,347,5
Right,right,347,6
Right,right,347,7
Right,right,347,8
Right,right,347,9
Right,down,348,0
Right,right,348,1
Right,right,348,2
Right,right,348,3
Right,right,348,4
Right,right,348,5
Right,right,348,6
Right,grip,348,7
Left,up,349,0
Right,right,349,1
Left,right,349,2
Right,right,349,3
Left,right,349,4
Left,right,349,5
Left,right,349,6
Left,right,349,7
Left,grip,349,8
Right,down,35,0
Right,left,35,1
Right,left,35,2
Right,left,35,3
Right,left,35,4
Right,left,35,5
Right,left,35,6
Right,left,35,7
Right,grip,35,8
Right,down,350,0
Right,down,350,1
Right,down,350,2
Right,down,350,3
Right,right,350,4
Right,right,350,5
Right,grip,350,6
Right,down,351,0
Right,down,351,1
Right,grip,351,10
Right,down,351,2
Right,down,351,3
Right,down,351,4
Right,down,351,5
Right,down,351,6
Right,right,351,7
Right,right,351,8
Right,right,351,9
Left,up,352,0
Left,up,352,1
Left,left,352,2
Left,left,352,3
Left,left,352,4
Left,left,352,5
Left,left,352,6
Left,grip,352,7
Left,up,353,0
Left,up,353,1
Left,up,353,2
Left,up,353,3
Left,up,353,4
Left,up,353,5
Left,up,353,6
Left,left,353,7
Left,left,353,8
Left,grip,353,9
Right,left,354,0
Right,left,354,1
Right,grip,354,2
Right,down,355,0
Right,left,355,1
Right,grip,355,10
Right,left,355,2
Right,left,355,3
Right,left,355,4
Right,left,355,5
Right,left,355,6
Right,left,355,7
Right,left,355,8
Right,left,355,9
Right,down,356,0
Right,down,356,1
Right,left,356,10
Right,left,356,11
Right,left,356,12
Right,left,356,13
Right,left,356,14
Right,left,356,15
Right,grip,356,16
Right,down,356,2
Right,down,356,3
Right,down,356,4
Right,down,356,5
Right,down,356,6
Right,left,356,7
Right,left,356,8
Right,left,356,9
Right,down,357,0
Right,down,357,1
Right,left,357,2
Right,left,357,3
Right,left,357,4
Right,left,357,5
Right,left,357,6
Right,grip,357,7
Right,up,358,0
Right,up,358,1
Right,up,358,2
Right,up,358,3
Right,up,358,4
Right,right,358,5
Right,right,358,6
Right,grip,358,7
Right,up,359,0
Right,up,359,1
Right,right,359,2
Right,right,359,3
Left,grip,359,4
Right,down,36,0
Right,down,36,1
Right,left,36,10
Right,left,36,11
Right,left,36,12
Right,left,36,13
Right,left,36,14
Right,left,36,15
Right,grip,36,16
Right,down,36,2
Right,down,36,3
Right,down,36,4
Right,down,36,5
Right,down,36,6
Right,left,36,7
Right,left,36,8
Right,left,36,9
Right,down,360,0
Right,down,360,1
Right,down,360,2
Right,down,360,3
Right,down,360,4
Right,right,360,5
Right,right,360,6
Right,grip,360,7
Right,down,361,0
Right,down,361,1
Right,down,361,2
Right,down,361,3
Right,down,361,4
Right,down,361,5
Right,right,361,6
Right,grip,361,7
Right,up,362,0
Right,up,362,1
Right,up,362,2
Right,right,362,3
Right,right,362,4
Right,right,362,5
Right,right,362,6
Right,right,362,7
Right,grip,362,8
Right,up,363,0
Right,up,363,1
Right,right,363,10
Right,right,363,11
Right,right,363,12
Right,right,363,13
Right,right,363,14
Right,right,363,15
Right,right,363,16
Right,grip,363,17
Right,up,363,2
Right,up,363,3
Right,up,363,4
Right,up,363,5
Right,up,363,6
Right,up,363,7
Right,up,363,8
Right,up,363,9
Right,up,364,0
Right,right,364,1
Right,right,364,2
Right,right,364,3
Right,right,364,4
Right,right,364,5
Right,grip,364,6
Right,down,365,0
Right,right,365,1
Right,right,365,2
Right,right,365,3
Right,right,365,4
Right,right,365,5
Right,right,365,6
Right,right,365,7
Right,right,365,8
Right,grip,365,9
Right,down,366,0
Right,down,366,1
Right,down,366,2
Right,down,366,3
Right,down,366,4
Right,down,366,5
Right,right,366,6
Right,right,366,7
Right,right,366,8
Right,grip,366,9
Right,down,367,0
Right,down,367,1
Right,grip,367,10
Right,right,367,2
Right,right,367,3
Right,right,367,4
Right,right,367,5
Right,right,367,6
Right,right,367,7
Right,right,367,8
Right,right,367,9
Left,up,368,0
Left,up,368,1
Left,left,368,10
Up,left,368,11
Left,left,368,12
Up,grip,368,13
Left,up,368,2
Up,up,368,3
Up,up,368,4
Left,up,368,5
Left,left,368,6
Left,left,368,7
Left,left,368,8
Left,left,368,9
Left,up,369,0
Left,up,369,1
Left,grip,369,10
Left,up,369,2
Left,up,369,3
Up,left,369,4
Left,left,369,5
Left,left,369,6
Left,left,369,7
Left,left,369,8
Left,left,369,9
Right,down,37,0
Right,down,37,1
Right,left,37,10
Right,left,37,11
Right,grip,37,12
Right,down,37,2
Right,down,37,3
Right,down,37,4
Right,down,37,5
Right,down,37,6
Right,left,37,7
Right,left,37,8
Right,left,37,9
Up,up,370,0
Up,left,370,1
Up,left,370,2
Up,left,370,3
Up,left,370,4
Up,left,370,5
Up,left,370,6
Up,grip,370,7
Up,left,371,0
Up,left,371,1
Up,left,371,2
Up,left,371,3
Up,left,371,4
Up,left,371,5
Up,left,371,6
Up,grip,371,7
Right,down,372,0
Right,down,372,1
Right,down,372,2
Right,down,372,3
Right,down,372,4
Right,left,372,5
Right,left,372,6
Right,left,372,7
Right,left,372,8
Right,grip,372,9
Right,down,373,0
Right,down,373,1
Right,left,373,10
Right,left,373,11
Right,grip,373,12
Right,down,373,2
Right,down,373,3
Right,left,373,4
Right,left,373,5
Right,left,373,6
Right,left,373,7
Right,left,373,8
Right,left,373,9
Left,up,374,0
Left,up,374,1
Left,up,374,2
Left,right,374,3
Left,grip,374,4
Left,up,375,0
Left,up,375,1
Left,right,375,2
Left,grip,375,3
Right,down,376,0
Right,down,376,1
Right,down,376,2
Right,down,376,3
Right,down,376,4
Right,grip,376,5
Right,down,377,0
Right,down,377,1
Right,down,377,2
Right,down,377,3
Right,down,377,4
Right,left,377,5
Right,grip,377,6
Right,up,378,0
Right,up,378,1
Right,up,378,2
Right,right,378,3
Right,right,378,4
Right,right,378,5
Right,right,378,6
Left,grip,378,7
Right,up,379,0
Right,up,379,1
Right,right,379,10
Right,grip,379,11
Right,up,379,2
Right,up,379,3
Right,up,379,4
Right,right,379,5
Right,right,379,6
Right,right,379,7
Right,right,379,8
Right,right,379,9
Right,up,38,0
Right,up,38,1
Right,right,38,10
Right,grip,38,11
Right,up,38,2
Right,up,38,3
Right,up,38,4
Right,up,38,5
Right,up,38,6
Right,up,38,7
Right,up,38,8
Right,up,38,9
Right,down,380,0
Right,right,380,1
Right,right,380,2
Right,right,380,3
Right,right,380,4
Right,right,380,5
Right,right,380,6
Left,grip,380,7
Right,right,381,0
Right,right,381,1
Right,right,381,2
Right,right,381,3
Right,right,381,4
Right,grip,381,5
Right,down,382,0
Right,down,382,1
Right,right,382,10
Right,right,382,11
Right,right,382,12
Right,grip,382,13
Right,down,382,2
Right,down,382,3
Right,down,382,4
Right,down,382,5
Right,right,382,6
Right,right,382,7
Right,right,382,8
Right,right,382,9
Right,down,383,0
Right,down,383,1
Right,down,383,2
Right,right,383,3
Right,right,383,4
Right,right,383,5
Right,right,383,6
Right,right,383,7
Right,right,383,8
Right,grip,383,9
Left,up,384,0
Left,up,384,1
Left,up,384,2
Left,up,384,3
Left,up,384,4
Left,up,384,5
Left,up,384,6
Left,up,384,7
Left,left,384,8
Left,grip,384,9
Left,up,385,0
Left,up,385,1
Left,grip,385,10
Left,up,385,2
Left,up,385,3
Left,up,385,4
Left,up,385,5
Left,up,385,6
Left,left,385,7
Left,left,385,8
Left,left,385,9
Left,up,386,0
Left,left,386,1
Left,left,386,2
Left,left,386,3
Left,grip,386,4
Left,up,387,0
Left,left,387,1
Left,grip,387,10
Left,left,387,2
Left,left,387,3
Left,left,387,4
Left,left,387,5
Left,left,387,6
Left,left,387,7
Left,left,387,8
Left,left,387,9
Right,down,388,0
Right,down,388,1
Right,left,388,10
Right,left,388,11
Right,left,388,12
Right,left,388,13
Right,grip,388,14
Right,down,388,2
Right,down,388,3
Right,down,388,4
Right,left,388,5
Right,left,388,6
Right,left,388,7
Right,left,388,8
Right,left,388,9
Right,down,389,0
Right,down,389,1
Right,down,389,2
Right,left,389,3
Right,left,389,4
Right,grip,389,5
Right,up,39,0
Right,up,39,1
Right,up,39,2
Right,right,39,3
Right,grip,39,4
Left,up,390,0
Left,up,390,1
Left,up,390,2
Left,up,390,3
Left,up,390,4
Left,right,390,5
Left,grip,390,6
Left,up,391,0
Left,up,391,1
Left,up,391,2
Left,up,391,3
Left,up,391,4
Left,up,391,5
Left,up,391,6
Left,right,391,7
Left,right,391,8
Left,grip,391,9
Right,down,392,0
Right,down,392,1
Right,down,392,2
Right,down,392,3
Right,down,392,4
Right,right,392,5
Right,grip,392,6
Right,down,393,0
Right,down,393,1
Right,down,393,2
Right,down,393,3
Right,down,393,4
Right,down,393,5
Right,right,393,6
Right,right,393,7
Right,grip,393,8
Left,up,394,0
Left,up,394,1
Left,right,394,2
Left,right,394,3
Left,right,394,4
Left,right,394,5
Left,right,394,6
Left,right,394,7
Left,grip,394,8
Left,up,395,0
Left,up,395,1
Left,right,395,10
Left,right,395,11
Left,right,395,12
Left,right,395,13
Left,right,395,14
Left,right,395,15
Left,right,395,16
Left,grip,395,17
Left,up,395,2
Left,up,395,3
Left,up,395,4
Left,up,395,5
Left,up,395,6
Left,up,395,7
Left,up,395,8
Left,up,395,9
Right,up,396,0
Right,right,396,1
Right,right,396,2
Right,right,396,3
Right,right,396,4
Right,right,396,5
Right,right,396,6
Right,grip,396,7
Right,up,397,0
Right,right,397,1
Right,right,397,2
Right,right,397,3
Right,grip,397,4
Right,down,398,0
Right,down,398,1
Right,right,398,2
Right,right,398,3
Right,right,398,4
Right,right,398,5
Right,right,398,6
Right,grip,398,7
Right,down,399,0
Right,down,399,1
Right,right,399,10
Right,right,399,11
Right,grip,399,12
Right,down,399,2
Right,down,399,3
Right,down,399,4
Right,right,399,5
Right,right,399,6
Right,right,399,7
Right,right,399,8
Right,right,399,9
Right,down,4,0
Right,down,4,1
Right,down,4,2
Right,down,4,3
Right,down,4,4
Right,left,4,5
Right,left,4,6
Right,left,4,7
Right,left,4,8
Right,grip,4,9
Right,down,40,0
Right,down,40,1
Right,down,40,2
Right,down,40,3
Right,right,40,4
Right,grip,40,5
Left,up,400,0
Left,up,400,1
Left,left,400,10
Left,left,400,11
Left,left,400,12
Left,grip,400,13
Left,up,400,2
Left,up,400,3
Left,up,400,4
Left,left,400,5
Left,left,400,6
Left,left,400,7
Left,left,400,8
Left,left,400,9
Right,up,401,0
Right,up,401,1
Left,grip,401,10
Right,up,401,2
Left,up,401,3
Left,up,401,4
Left,up,401,5
Left,up,401,6
Left,left,401,7
Left,left,401,8
Left,left,401,9
Left,up,402,0
Right,left,402,1
Left,left,402,10
Left,grip,402,11
Right,left,402,2
Left,left,402,3
Left,left,402,4
Left,left,402,5
Left,left,402,6
Left,left,402,7
Left,left,402,8
Right,left,402,9
Left,down,403,0
Right,left,403,1
Left,left,403,2
Left,grip,403,3
Right,down,404,0
Right,down,404,1
Right,left,404,10
Right,left,404,11
Right,left,404,12
Right,left,404,13
Right,grip,404,14
Right,down,404,2
Right,down,404,3
Right,down,404,4
Right,left,404,5
Right,left,404,6
Right,left,404,7
Right,left,404,8
Right,left,404,9
Right,down,405,0
Right,down,405,1
Right,left,405,2
Right,left,405,3
Right,left,405,4
Right,left,405,5
Right,left,405,6
Right,left,405,7
Right,left,405,8
Right,grip,405,9
Left,up,406,0
Left,up,406,1
Left,up,406,2
Left,up,406,3
Left,up,406,4
Left,up,406,5
Left,up,406,6
Left,grip,406,7
Right,up,407,0
Right,up,407,1
Right,up,407,2
Right,up,407,3
Right,up,407,4
Left,up,407,5
Left,up,407,6
Right,right,407,7
Left,grip,407,8
Right,down,408,0
Right,down,408,1
Right,down,408,2
Right,down,408,3
Right,right,408,4
Right,grip,408,5
Right,down,409,0
Right,down,409,1
Right,down,409,2
Right,down,409,3
Right,down,409,4
Right,down,409,5
Right,down,409,6
Right,left,409,7
Right,grip,409,8
Right,down,41,0
Right,down,41,1
Right,down,41,2
Right,down,41,3
Right,down,41,4
Right,down,41,5
Right,left,41,6
Right,grip,41,7
Right,up,410,0
Right,up,410,1
Right,right,410,10
Right,right,410,11
Right,grip,410,12
Right,up,410,2
Right,up,410,3
Right,up,410,4
Right,up,410,5
Right,up,410,6
Right,up,410,7
Right,up,410,8
Right,up,410,9
Left,up,411,0
Left,up,411,1
Left,right,411,10
Left,right,411,11
Left,right,411,12
Left,grip,411,13
Left,up,411,2
Left,up,411,3
Left,up,411,4
Left,up,411,5
Left,up,411,6
Left,up,411,7
Left,up,411,8
Left,up,411,9
Right,up,412,0
Right,right,412,1
Right,right,412,2
Right,right,412,3
Right,right,412,4
Right,right,412,5
Right,right,412,6
Right,grip,412,7
Right,down,413,0
Right,right,413,1
Right,right,413,2
Right,right,413,3
Right,grip,413,4
Right,down,414,0
Right,down,414,1
Right,right,414,10
Right,right,414,11
Right,right,414,12
Right,grip,414,13
Right,down,414,2
Right,down,414,3
Right,down,414,4
Right,down,414,5
Right,right,414,6
Right,right,414,7
Right,right,414,8
Right,right,414,9
Right,down,415,0
Right,down,415,1
Right,right,415,2
Right,right,415,3
Right,right,415,4
Right,right,415,5
Right,grip,415,6
Left,up,416,0
Left,up,416,1
Left,left,416,10
Left,left,416,11
Left,left,416,12
Left,left,416,13
Left,left,416,14
Left,grip,416,15
Left,up,416,2
Left,up,416,3
Left,up,416,4
Left,left,416,5
Left,left,416,6
Left,left,416,7
Left,left,416,8
Right,left,416,9
Up,up,417,0
Up,up,417,1
Up,left,417,2
Up,left,417,3
Up,left,417,4
Up,left,417,5
Up,left,417,6
Up,left,417,7
Up,grip,417,8
Right,down,418,0
Right,left,418,1
Right,left,418,2
Right,left,418,3
Right,left,418,4
Right,left,418,5
Right,grip,418,6
Left,up,419,0
Left,left,419,1
Left,left,419,10
Left,grip,419,11
Left,left,419,2
Left,left,419,3
Left,left,419,4
Left,left,419,5
Left,left,419,6
Left,left,419,7
Left,left,419,8
Left,left,419,9
Right,up,42,0
Right,up,42,1
Right,right,42,10
Right,right,42,11
Right,grip,42,12
Right,up,42,2
Right,up,42,3
Right,up,42,4
Right,up,42,5
Right,up,42,6
Right,up,42,7
Right,up,42,8
Right,right,42,9
Right,down,420,0
Right,down,420,1
Right,left,420,10
Right,left,420,11
Right,left,420,12
Right,left,420,13
Right,grip,420,14
Right,down,420,2
Right,down,420,3
Right,down,420,4
Right,left,420,5
Right,left,420,6
Right,left,420,7
Right,left,420,8
Right,left,420,9
Right,down,421,0
Right,down,421,1
Right,down,421,2
Right,down,421,3
Right,down,421,4
Right,down,421,5
Right,down,421,6
Right,left,421,7
Right,left,421,8
Right,grip,421,9
Up,up,422,0
Up,up,422,1
Up,right,422,2
Up,grip,422,3
Right,up,423,0
Right,up,423,1
Right,up,423,2
Right,up,423,3
Right,up,423,4
Right,right,423,5
Right,grip,423,6
Right,down,424,0
Right,down,424,1
Right,down,424,2
Right,left,424,3
Right,grip,424,4
Right,down,425,0
Right,down,425,1
Right,down,425,2
Right,down,425,3
Right,down,425,4
Right,right,425,5
Right,grip,425,6
Left,up,426,0
Left,up,426,1
Left,up,426,2
Left,right,426,3
Right,right,426,4
Right,right,426,5
Right,right,426,6
Left,right,426,7
Left,grip,426,8
Left,up,427,0
Right,up,427,1
Right,up,427,2
Right,up,427,3
Right,right,427,4
Right,right,427,5
Right,right,427,6
Right,right,427,7
Left,grip,427,8
Right,right,428,0
Right,right,428,1
Right,right,428,2
Right,grip,428,3
Right,down,429,0
Right,right,429,1
Right,right,429,2
Right,right,429,3
Right,right,429,4
Right,grip,429,5
Right,up,43,0
Right,up,43,1
Right,up,43,2
Right,up,43,3
Right,right,43,4
Right,right,43,5
Right,right,43,6
Right,right,43,7
Right,right,43,8
Right,grip,43,9
Right,down,430,0
Right,down,430,1
Right,down,430,2
Right,down,430,3
Right,right,430,4
Right,right,430,5
Right,grip,430,6
Right,down,431,0
Right,down,431,1
Right,right,431,2
Right,right,431,3
Right,right,431,4
Right,grip,431,5
Left,up,432,0
Left,up,432,1
Left,grip,432,10
Left,up,432,2
Left,up,432,3
Left,up,432,4
Left,up,432,5
Left,left,432,6
Left,left,432,7
Left,left,432,8
Left,left,432,9
Left,up,433,0
Left,up,433,1
Left,left,433,10
Left,left,433,11
Left,left,433,12
Left,left,433,13
Left,left,433,14
Right,left,433,15
Right,left,433,16
Left,grip,433,17
Left,up,433,2
Right,up,433,3
Left,up,433,4
Left,up,433,5
Left,up,433,6
Left,up,433,7
Right,left,433,8
Left,left,433,9
Right,down,434,0
Right,left,434,1
Right,left,434,2
Right,left,434,3
Right,grip,434,4
Right,down,435,0
Right,left,435,1
Right,left,435,2
Right,left,435,3
Right,left,435,4
Right,left,435,5
Right,left,435,6
Right,left,435,7
Right,left,435,8
Right,grip,435,9
Right,down,436,0
Right,down,436,1
Right,left,436,10
Right,left,436,11
Right,left,436,12
Right,left,436,13
Right,left,436,14
Right,grip,436,15
Right,down,436,2
Right,down,436,3
Right,down,436,4
Right,down,436,5
Right,left,436,6
Right,left,436,7
Right,left,436,8
Right,left,436,9
Right,down,437,0
Right,down,437,1
Right,left,437,2
Right,left,437,3
Right,left,437,4
Right,left,437,5
Right,left,437,6
Right,left,437,7
Right,left,437,8
Right,grip,437,9
Left,up,438,0
Left,up,438,1
Left,up,438,2
Left,up,438,3
Left,up,438,4
Left,up,438,5
Left,up,438,6
Left,left,438,7
Left,grip,438,8
Left,up,439,0
Left,up,439,1
Left,up,439,2
Left,up,439,3
Left,up,439,4
Left,up,439,5
Left,up,439,6
Left,up,439,7
Left,grip,439,8
Right,up,44,0
Right,right,44,1
Right,right,44,2
Right,right,44,3
Right,right,44,4
Right,right,44,5
Right,right,44,6
Right,grip,44,7
Right,down,440,0
Right,down,440,1
Right,grip,440,2
Right,down,441,0
Right,down,441,1
Right,down,441,2
Right,down,441,3
Right,down,441,4
Right,left,441,5
Right,grip,441,6
Left,up,442,0
Left,up,442,1
Left,right,442,10
Left,grip,442,11
Left,up,442,2
Left,up,442,3
Left,right,442,4
Left,right,442,5
Left,right,442,6
Left,right,442,7
Left,right,442,8
Left,right,442,9
Left,up,443,0
Left,up,443,1
Left,up,443,2
Left,right,443,3
Left,right,443,4
Left,right,443,5
Left,right,443,6
Left,right,443,7
Up,right,443,8
Left,grip,443,9
Right,up,444,0
Right,right,444,1
Right,right,444,2
Right,right,444,3
Right,right,444,4
Right,right,444,5
Right,right,444,6
Right,right,444,7
Right,grip,444,8
Right,up,445,0
Right,right,445,1
Right,right,445,2
Right,grip,445,3
Right,down,446,0
Right,down,446,1
Right,right,446,10
Right,right,446,11
Right,grip,446,12
Right,down,446,2
Right,down,446,3
Right,down,446,4
Right,right,446,5
Right,right,446,6
Right,right,446,7
Right,right,446,8
Right,right,446,9
Right,down,447,0
Right,down,447,1
Right,down,447,2
Right,down,447,3
Right,right,447,4
Right,right,447,5
Right,right,447,6
Right,right,447,7
Right,grip,447,8
Left,up,448,0
Left,up,448,1
Left,left,448,10
Left,left,448,11
Left,left,448,12
Left,left,448,13
Left,left,448,14
Left,grip,448,15
Left,up,448,2
Left,up,448,3
Left,up,448,4
Left,up,448,5
Left,up,448,6
Left,left,448,7
Left,left,448,8
Left,left,448,9
Left,up,449,0
Left,up,449,1
Left,left,449,10
Left,grip,449,11
Left,left,449,2
Left,left,449,3
Left,left,449,4
Left,left,449,5
Left,left,449,6
Left,left,449,7
Left,left,449,8
Left,left,449,9
Right,right,45,0
Right,right,45,1
Right,grip,45,2
Right,down,450,0
Right,left,450,1
Right,left,450,2
Right,left,450,3
Right,grip,450,4
Right,down,451,0
Right,left,451,1
Right,grip,451,2
Right,down,452,0
Right,down,452,1
Right,left,452,10
Right,grip,452,11
Right,down,452,2
Right,down,452,3
Right,down,452,4
Right,left,452,5
Right,left,452,6
Right,left,452,7
Right,left,452,8
Right,left,452,9
Right,down,453,0
Right,down,453,1
Right,left,453,2
Right,left,453,3
Right,left,453,4
Right,grip,453,5
Left,up,454,0
Left,up,454,1
Left,grip,454,10
Right,up,454,2
Left,up,454,3
Left,up,454,4
Left,up,454,5
Left,up,454,6
Left,up,454,7
Left,right,454,8
Left,right,454,9
Left,up,455,0
Left,up,455,1
Left,up,455,2
Left,up,455,3
Left,up,455,4
Left,up,455,5
Left,right,455,6
Left,grip,455,7
Right,down,456,0
Right,down,456,1
Right,down,456,2
Right,grip,456,3
Right,down,457,0
Right,down,457,1
Right,right,457,2
Right,right,457,3
Right,grip,457,4
Left,up,458,0
Left,up,458,1
Left,grip,458,10
Left,up,458,2
Left,up,458,3
Left,up,458,4
Left,right,458,5
Left,right,458,6
Left,right,458,7
Left,right,458,8
Left,right,458,9
Left,up,459,0
Left,up,459,1
Left,right,459,10
Left,grip,459,11
Left,up,459,2
Left,up,459,3
Left,right,459,4
Left,right,459,5
Left,right,459,6
Left,right,459,7
Left,right,459,8
Left,right,459,9
Right,down,46,0
Right,down,46,1
Right,down,46,2
Right,down,46,3
Right,down,46,4
Right,right,46,5
Right,right,46,6
Right,right,46,7
Right,grip,46,8
Right,right,460,0
Right,right,460,1
Right,right,460,2
Right,right,460,3
Right,right,460,4
Right,right,460,5
Right,right,460,6
Right,grip,460,7
Right,down,461,0
Right,right,461,1
Right,right,461,2
Right,right,461,3
Right,right,461,4
Right,grip,461,5
Right,down,462,0
Right,down,462,1
Right,right,462,10
Right,right,462,11
Right,grip,462,12
Right,down,462,2
Right,down,462,3
Right,down,462,4
Right,down,462,5
Right,down,462,6
Right,right,462,7
Right,right,462,8
Right,right,462,9
Right,down,463,0
Right,down,463,1
Right,right,463,2
Right,right,463,3
Right,right,463,4
Right,right,463,5
Right,right,463,6
Right,grip,463,7
Left,up,464,0
Left,up,464,1
Left,left,464,10
Left,left,464,11
Left,left,464,12
Left,left,464,13
Left,left,464,14
Left,left,464,15
Left,left,464,16
Left,grip,464,17
Left,up,464,2
Left,up,464,3
Left,up,464,4
Left,up,464,5
Left,up,464,6
Left,up,464,7
Left,up,464,8
Left,left,464,9
Right,up,465,0
Right,up,465,1
Right,left,465,10
Right,left,465,11
Right,grip,465,12
Right,up,465,2
Right,up,465,3
Right,up,465,4
Right,up,465,5
Right,up,465,6
Right,up,465,7
Left,left,465,8
Right,left,465,9
Up,left,466,0
Up,left,466,1
Up,left,466,2
Up,left,466,3
Up,left,466,4
Up,left,466,5
Up,left,466,6
Up,left,466,7
Up,left,466,8
Up,grip,466,9
Up,down,467,0
Right,left,467,1
Right,left,467,2
Right,left,467,3
Right,left,467,4
Right,left,467,5
Right,left,467,6
Right,left,467,7
Left,left,467,8
Right,grip,467,9
Right,down,468,0
Right,down,468,1
Right,left,468,10
Right,left,468,11
Right,left,468,12
Right,left,468,13
Right,grip,468,14
Right,down,468,2
Right,down,468,3
Right,down,468,4
Right,down,468,5
Right,down,468,6
Right,left,468,7
Right,left,468,8
Right,left,468,9
Right,down,469,0
Right,down,469,1
Right,left,469,10
Right,left,469,11
Right,left,469,12
Right,left,469,13
Right,left,469,14
Right,grip,469,15
Right,down,469,2
Right,down,469,3
Right,down,469,4
Right,left,469,5
Right,left,469,6
Right,left,469,7
Right,left,469,8
Right,left,469,9
Right,down,47,0
Right,down,47,1
Right,down,47,2
Right,right,47,3
Right,right,47,4
Right,right,47,5
Right,right,47,6
Right,right,47,7
Right,grip,47,8
Left,up,470,0
Left,up,470,1
Left,up,470,2
Left,up,470,3
Left,up,470,4
Left,grip,470,5
Left,up,471,0
Left,up,471,1
Left,up,471,2
Left,up,471,3
Left,up,471,4
Left,up,471,5
Right,right,471,6
Left,grip,471,7
Right,down,472,0
Right,down,472,1
Right,down,472,2
Right,down,472,3
Right,down,472,4
Right,down,472,5
Right,left,472,6
Right,grip,472,7
Right,down,473,0
Right,down,473,1
Right,down,473,2
Right,down,473,3
Right,down,473,4
Right,grip,473,5
Left,up,474,0
Left,up,474,1
Left,right,474,10
Left,right,474,11
Left,right,474,12
Left,right,474,13
Left,right,474,14
Left,grip,474,15
Left,up,474,2
Left,up,474,3
Left,up,474,4
Left,up,474,5
Left,up,474,6
Left,up,474,7
Left,right,474,8
Left,right,474,9
Right,up,475,0
Left,up,475,1
Left,up,475,2
Left,up,475,3
Left,up,475,4
Left,up,475,5
Left,right,475,6
Left,right,475,7
Left,grip,475,8
Right,down,476,0
Right,right,476,1
Right,right,476,2
Right,right,476,3
Right,grip,476,4
Right,up,477,0
Right,right,477,1
Right,right,477,2
Right,right,477,3
Right,grip,477,4
Right,down,478,0
Right,down,478,1
Right,grip,478,10
Right,down,478,2
Right,down,478,3
Right,down,478,4
Right,right,478,5
Right,right,478,6
Right,right,478,7
Right,right,478,8
Right,right,478,9
Right,down,479,0
Right,down,479,1
Right,right,479,2
Right,right,479,3
Right,grip,479,4
Right,up,48,0
Right,up,48,1
Right,left,48,10
Right,grip,48,11
Right,up,48,2
Right,up,48,3
Right,up,48,4
Right,up,48,5
Right,up,48,6
Right,up,48,7
Right,left,48,8
Right,left,48,9
Left,up,480,0
Left,up,480,1
Left,grip,480,10
Left,up,480,2
Left,up,480,3
Left,left,480,4
Left,left,480,5
Left,left,480,6
Left,left,480,7
Left,left,480,8
Left,left,480,9
Left,up,481,0
Left,up,481,1
Left,up,481,2
Left,up,481,3
Left,up,481,4
Left,up,481,5
Left,left,481,6
Left,grip,481,7
Right,left,482,0
Right,left,482,1
Right,left,482,2
Right,left,482,3
Right,left,482,4
Right,grip,482,5
Left,left,483,0
Left,left,483,1
Left,left,483,2
Right,left,483,3
Right,left,483,4
Right,left,483,5
Right,left,483,6
Right,left,483,7
Right,left,483,8
Right,grip,483,9
Right,down,484,0
Right,down,484,1
Right,left,484,10
Right,grip,484,11
Right,left,484,2
Right,left,484,3
Right,left,484,4
Right,left,484,5
Right,left,484,6
Right,left,484,7
Right,left,484,8
Right,left,484,9
Right,down,485,0
Right,down,485,1
Right,down,485,2
Right,down,485,3
Right,left,485,4
Right,left,485,5
Right,grip,485,6
Right,up,486,0
Right,up,486,1
Right,up,486,2
Right,right,486,3
Right,grip,486,4
Left,up,487,0
Left,up,487,1
Left,up,487,2
Left,up,487,3
Left,right,487,4
Left,right,487,5
Left,grip,487,6
Right,down,488,0
Right,down,488,1
Right,down,488,2
Right,down,488,3
Right,down,488,4
Right,right,488,5
Right,grip,488,6
Right,down,489,0
Right,down,489,1
Right,down,489,2
Right,down,489,3
Right,right,489,4
Right,grip,489,5
Right,up,49,0
Right,up,49,1
Right,left,49,10
Right,grip,49,11
Right,up,49,2
Right,up,49,3
Right,up,49,4
Right,up,49,5
Right,up,49,6
Right,left,49,7
Right,left,49,8
Right,left,49,9
Right,up,490,0
Right,up,490,1
Right,right,490,2
Right,right,490,3
Left,right,490,4
Up,grip,490,5
Right,up,491,0
Right,up,491,1
Right,right,491,10
Right,grip,491,11
Right,up,491,2
Right,up,491,3
Right,up,491,4
Right,up,491,5
Right,right,491,6
Right,right,491,7
Right,right,491,8
Right,right,491,9
Right,up,492,0
Right,right,492,1
Right,right,492,2
Right,right,492,3
Right,grip,492,4
Up,down,493,0
Up,right,493,1
Up,right,493,2
Up,right,493,3
Up,right,493,4
Up,right,493,5
Up,right,493,6
Up,right,493,7
Up,right,493,8
Up,grip,493,9
Right,down,494,0
Right,down,494,1
Right,right,494,10
Right,right,494,11
Right,right,494,12
Right,grip,494,13
Right,down,494,2
Right,down,494,3
Right,down,494,4
Right,right,494,5
Right,right,494,6
Right,right,494,7
Right,right,494,8
Right,right,494,9
Right,down,495,0
Right,down,495,1
Right,right,495,10
Right,grip,495,11
Right,down,495,2
Right,down,495,3
Right,down,495,4
Right,down,495,5
Right,right,495,6
Right,right,495,7
Right,right,495,8
Right,right,495,9
Left,up,496,0
Left,up,496,1
Left,up,496,2
Left,up,496,3
Left,up,496,4
Left,left,496,5
Left,left,496,6
Left,left,496,7
Left,grip,496,8
Left,up,497,0
Left,up,497,1
Left,left,497,10
Left,left,497,11
Left,left,497,12
Left,grip,497,13
Left,up,497,2
Left,up,497,3
Left,up,497,4
Left,up,497,5
Left,up,497,6
Left,up,497,7
Left,left,497,8
Left,left,497,9
Right,down,498,0
Right,left,498,1
Right,left,498,2
Right,left,498,3
Right,left,498,4
Right,left,498,5
Right,grip,498,6
Right,down,499,0
Right,left,499,1
Right,left,499,2
Right,left,499,3
Right,left,499,4
Right,left,499,5
Right,left,499,6
Right,left,499,7
Right,grip,499,8
Right,down,5,0
Right,down,5,1
Right,left,5,10
Right,grip,5,11
Right,left,5,2
Right,left,5,3
Right,left,5,4
Right,left,5,5
Right,left,5,6
Right,left,5,7
Right,left,5,8
Right,left,5,9
Right,down,50,0
Right,left,50,1
Right,left,50,2
Right,left,50,3
Right,left,50,4
Right,left,50,5
Right,grip,50,6
Right,down,500,0
Right,down,500,1
Right,left,500,10
Right,left,500,11
Right,left,500,12
Right,left,500,13
Right,grip,500,14
Right,down,500,2
Right,down,500,3
Right,left,500,4
Right,left,500,5
Right,left,500,6
Right,left,500,7
Right,left,500,8
Right,left,500,9
Right,down,501,0
Right,down,501,1
Right,left,501,10
Right,left,501,11
Right,grip,501,12
Right,left,501,2
Right,left,501,3
Right,left,501,4
Right,left,501,5
Right,left,501,6
Right,left,501,7
Right,left,501,8
Right,left,501,9
Right,up,502,0
Right,up,502,1
Up,up,502,2
Up,up,502,3
Up,up,502,4
Up,up,502,5
Up,left,502,6
Up,grip,502,7
Left,up,503,0
Left,up,503,1
Right,up,503,2
Left,up,503,3
Left,left,503,4
Right,grip,503,5
Right,down,504,0
Right,down,504,1
Right,right,504,2
Right,grip,504,3
Right,down,505,0
Right,down,505,1
Right,down,505,2
Right,down,505,3
Right,down,505,4
Right,down,505,5
Right,down,505,6
Right,grip,505,7
Right,up,506,0
Right,up,506,1
Right,up,506,2
Right,up,506,3
Right,right,506,4
Right,right,506,5
Right,grip,506,6
Right,up,507,0
Right,up,507,1
Right,up,507,2
Right,up,507,3
Right,up,507,4
Right,up,507,5
Right,right,507,6
Right,right,507,7
Right,right,507,8
Right,grip,507,9
Right,up,508,0
Right,right,508,1
Right,right,508,2
Right,right,508,3
Right,right,508,4
Right,grip,508,5
Right,right,509,0
Right,right,509,1
Right,right,509,2
Right,right,509,3
Right,right,509,4
Right,right,509,5
Right,grip,509,6
Right,up,51,0
Right,left,51,1
Right,grip,51,10
Right,left,51,2
Right,left,51,3
Right,left,51,4
Right,left,51,5
Right,left,51,6
Right,left,51,7
Right,left,51,8
Right,left,51,9
Right,down,510,0
Right,down,510,1
Right,right,510,10
Right,grip,510,11
Right,down,510,2
Right,down,510,3
Right,right,510,4
Right,right,510,5
Right,right,510,6
Right,right,510,7
Right,right,510,8
Right,right,510,9
Right,down,511,0
Right,down,511,1
Right,down,511,2
Right,down,511,3
Right,right,511,4
Right,right,511,5
Right,right,511,6
Right,right,511,7
Right,grip,511,8
Right,up,512,0
Right,up,512,1
Right,left,512,10
Right,grip,512,11
Right,up,512,2
Right,up,512,3
Right,up,512,4
Right,up,512,5
Right,up,512,6
Right,up,512,7
Right,up,512,8
Right,left,512,9
Right,up,513,0
Right,up,513,1
Right,left,513,10
Right,left,513,11
Right,left,513,12
Right,left,513,13
Right,left,513,14
Right,left,513,15
Right,left,513,16
Right,grip,513,17
Right,up,513,2
Right,up,513,3
Right,up,513,4
Right,up,513,5
Right,up,513,6
Right,up,513,7
Right,up,513,8
Right,up,513,9
Right,up,514,0
Right,left,514,1
Right,left,514,2
Right,left,514,3
Right,left,514,4
Right,left,514,5
Right,left,514,6
Right,left,514,7
Right,left,514,8
Right,grip,514,9
Right,down,515,0
Right,left,515,1
Right,left,515,2
Right,grip,515,3
Right,down,516,0
Right,down,516,1
Right,grip,516,10
Right,down,516,2
Right,left,516,3
Right,left,516,4
Right,left,516,5
Right,left,516,6
Right,left,516,7
Right,left,516,8
Right,left,516,9
Right,down,517,0
Right,down,517,1
Right,left,517,10
Right,left,517,11
Right,left,517,12
Right,left,517,13
Right,left,517,14
Right,left,517,15
Right,grip,517,16
Right,down,517,2
Right,down,517,3
Right,down,517,4
Right,down,517,5
Right,down,517,6
Right,left,517,7
Right,left,517,8
Right,left,517,9
Right,up,518,0
Right,up,518,1
Right,up,518,2
Right,up,518,3
Right,up,518,4
Right,right,518,5
Right,grip,518,6
Right,up,519,0
Right,up,519,1
Right,right,519,10
Up,grip,519,11
Right,up,519,2
Right,up,519,3
Right,up,519,4
Right,up,519,5
Right,up,519,6
Up,up,519,7
Up,up,519,8
Right,up,519,9
Right,down,52,0
Right,down,52,1
Right,grip,52,10
Right,down,52,2
Right,down,52,3
Right,down,52,4
Right,left,52,5
Right,left,52,6
Right,left,52,7
Right,left,52,8
Right,left,52,9
Right,down,520,0
Right,down,520,1
Right,left,520,2
Right,grip,520,3
Right,down,521,0
Right,down,521,1
Right,down,521,2
Right,down,521,3
Right,down,521,4
Right,down,521,5
Right,down,521,6
Right,grip,521,7
Right,up,522,0
Right,up,522,1
Right,right,522,10
Right,grip,522,11
Right,up,522,2
Right,up,522,3
Right,up,522,4
Right,up,522,5
Right,up,522,6
Right,up,522,7
Right,right,522,8
Right,right,522,9
Right,up,523,0
Right,up,523,1
Right,right,523,10
Right,grip,523,11
Right,up,523,2
Right,up,523,3
Right,up,523,4
Right,up,523,5
Right,up,523,6
Right,up,523,7
Right,up,523,8
Right,right,523,9
Up,up,524,0
Up,right,524,1
Right,right,524,2
Right,right,524,3
Right,right,524,4
Up,grip,524,5
Right,down,525,0
Right,right,525,1
Right,right,525,2
Right,right,525,3
Right,right,525,4
Right,right,525,5
Right,right,525,6
Right,grip,525,7
Right,down,526,0
Right,down,526,1
Right,right,526,10
Right,right,526,11
Right,right,526,12
Right,right,526,13
Right,grip,526,14
Right,down,526,2
Right,down,526,3
Right,down,526,4
Right,down,526,5
Right,down,526,6
Right,right,526,7
Right,right,526,8
Right,right,526,9
Right,down,527,0
Right,down,527,1
Right,right,527,2
Right,right,527,3
Right,right,527,4
Right,right,527,5
Right,right,527,6
Right,right,527,7
Right,grip,527,8
Up,up,528,0
Up,up,528,1
Right,up,528,2
Right,up,528,3
Right,left,528,4
Right,left,528,5
Right,left,528,6
Right,grip,528,7
Right,up,529,0
Right,up,529,1
Right,left,529,2
Right,left,529,3
Right,left,529,4
Right,left,529,5
Right,left,529,6
Right,left,529,7
Right,grip,529,8
Right,down,53,0
Right,down,53,1
Right,down,53,2
Right,left,53,3
Right,left,53,4
Right,left,53,5
Right,left,53,6
Right,left,53,7
Right,grip,53,8
Right,down,530,0
Right,left,530,1
Right,left,530,2
Right,left,530,3
Right,left,530,4
Right,grip,530,5
Right,up,531,0
Right,left,531,1
Right,grip,531,10
Right,left,531,2
Right,left,531,3
Right,left,531,4
Right,left,531,5
Right,left,531,6
Right,left,531,7
Right,left,531,8
Right,left,531,9
Right,down,532,0
Right,down,532,1
Right,grip,532,10
Right,down,532,2
Right,left,532,3
Right,left,532,4
Right,left,532,5
Right,left,532,6
Right,left,532,7
Right,left,532,8
Right,left,532,9
Right,down,533,0
Right,down,533,1
Right,grip,533,10
Right,down,533,2
Right,left,533,3
Right,left,533,4
Right,left,533,5
Right,left,533,6
Right,left,533,7
Right,left,533,8
Right,left,533,9
Right,up,534,0
Right,up,534,1
Right,left,534,10
Right,grip,534,11
Right,up,534,2
Right,up,534,3
Right,up,534,4
Right,up,534,5
Right,up,534,6
Left,up,534,7
Left,up,534,8
Left,up,534,9
Right,up,535,0
Right,up,535,1
Right,up,535,2
Right,up,535,3
Right,up,535,4
Right,up,535,5
Right,up,535,6
Right,grip,535,7
Right,down,536,0
Right,down,536,1
Right,down,536,2
Right,right,536,3
Right,grip,536,4
Right,down,537,0
Right,down,537,1
Right,down,537,2
Right,down,537,3
Right,down,537,4
Right,down,537,5
Right,left,537,6
Right,grip,537,7
Right,up,538,0
Right,up,538,1
Right,right,538,10
Right,right,538,11
Right,right,538,12
Right,grip,538,13
Right,up,538,2
Right,up,538,3
Up,up,538,4
Right,up,538,5
Right,right,538,6
Right,right,538,7
Right,right,538,8
Right,right,538,9
Right,up,539,0
Right,up,539,1
Right,grip,539,10
Right,up,539,2
Left,up,539,3
Up,up,539,4
Up,right,539,5
Right,right,539,6
Right,right,539,7
Right,right,539,8
Right,right,539,9
Right,up,54,0
Right,up,54,1
Right,right,54,10
Right,grip,54,11
Right,up,54,2
Right,up,54,3
Right,up,54,4
Right,up,54,5
Right,up,54,6
Right,up,54,7
Right,up,54,8
Right,up,54,9
Right,up,540,0
Right,right,540,1
Right,right,540,2
Right,right,540,3
Right,right,540,4
Right,grip,540,5
Right,down,541,0
Right,right,541,1
Right,right,541,2
Right,right,541,3
Right,right,541,4
Right,right,541,5
Right,right,541,6
Right,right,541,7
Right,grip,541,8
Right,down,542,0
Right,down,542,1
Right,right,542,2
Right,right,542,3
Right,right,542,4
Right,right,542,5
Right,right,542,6
Right,right,542,7
Right,grip,542,8
Right,down,543,0
Right,down,543,1
Right,right,543,10
Right,grip,543,11
Right,down,543,2
Right,down,543,3
Right,down,543,4
Right,right,543,5
Right,right,543,6
Right,right,543,7
Right,right,543,8
Right,right,543,9
Right,up,544,0
Right,up,544,1
Right,grip,544,10
Right,up,544,2
Right,up,544,3
Right,up,544,4
Right,up,544,5
Right,up,544,6
Right,left,544,7
Right,left,544,8
Right,left,544,9
Up,up,545,0
Up,up,545,1
Up,up,545,2
Up,left,545,3
Up,grip,545,4
Right,up,546,0
Right,left,546,1
Right,left,546,2
Right,left,546,3
Right,left,546,4
Right,left,546,5
Right,left,546,6
Right,left,546,7
Right,left,546,8
Right,grip,546,9
Right,up,547,0
Right,left,547,1
Right,left,547,2
Right,left,547,3
Right,left,547,4
Right,grip,547,5
Right,down,548,0
Right,down,548,1
Right,left,548,10
Right,left,548,11
Right,grip,548,12
Right,down,548,2
Right,down,548,3
Right,down,548,4
Right,left,548,5
Right,left,548,6
Right,left,548,7
Right,left,548,8
Right,left,548,9
Right,down,549,0
Right,down,549,1
Right,left,549,10
Right,grip,549,11
Right,down,549,2
Right,left,549,3
Right,left,549,4
Right,left,549,5
Right,left,549,6
Right,left,549,7
Right,left,549,8
Right,left,549,9
Right,up,55,0
Right,up,55,1
Right,up,55,2
Right,up,55,3
Right,up,55,4
Right,left,55,5
Right,grip,55,6
Right,up,550,0
Right,up,550,1
Right,up,550,2
Right,up,550,3
Right,up,550,4
Right,up,550,5
Right,up,550,6
Right,grip,550,7
Right,up,551,0
Right,up,551,1
Right,up,551,2
Right,up,551,3
Right,up,551,4
Right,right,551,5
Right,grip,551,6
Right,down,552,0
Right,down,552,1
Right,down,552,2
Right,down,552,3
Right,down,552,4
Right,grip,552,5
Right,down,553,0
Right,down,553,1
Right,down,553,2
Right,down,553,3
Right,down,553,4
Right,down,553,5
Right,down,553,6
Right,right,553,7
Right,grip,553,8
Right,up,554,0
Right,up,554,1
Right,right,554,10
Right,right,554,11
Right,right,554,12
Right,right,554,13
Right,right,554,14
Right,grip,554,15
Right,up,554,2
Right,up,554,3
Right,up,554,4
Right,up,554,5
Right,up,554,6
Right,right,554,7
Right,right,554,8
Right,right,554,9
Right,up,555,0
Right,up,555,1
Right,right,555,10
Right,right,555,11
Right,right,555,12
Right,grip,555,13
Right,up,555,2
Right,up,555,3
Right,up,555,4
Right,right,555,5
Right,right,555,6
Right,right,555,7
Right,right,555,8
Right,right,555,9
Right,down,556,0
Right,right,556,1
Right,right,556,2
Right,right,556,3
Right,right,556,4
Right,right,556,5
Right,right,556,6
Right,grip,556,7
Right,up,557,0
Right,right,557,1
Right,right,557,2
Right,right,557,3
Right,right,557,4
Right,right,557,5
Right,right,557,6
Right,right,557,7
Right,grip,557,8
Right,down,558,0
Right,down,558,1
Right,right,558,10
Right,right,558,11
Right,grip,558,12
Right,down,558,2
Right,down,558,3
Right,right,558,4
Right,right,558,5
Right,right,558,6
Right,right,558,7
Right,right,558,8
Right,right,558,9
Right,down,559,0
Right,down,559,1
Right,right,559,10
Right,right,559,11
Right,right,559,12
Right,right,559,13
Right,grip,559,14
Right,down,559,2
Right,down,559,3
Right,down,559,4
Right,down,559,5
Right,right,559,6
Right,right,559,7
Right,right,559,8
Right,right,559,9
Right,down,56,0
Right,down,56,1
Right,down,56,2
Right,down,56,3
Right,down,56,4
Right,grip,56,5
Right,up,560,0
Right,up,560,1
Right,left,560,10
Right,left,560,11
Right,left,560,12
Right,left,560,13
Right,left,560,14
Right,left,560,15
Right,left,560,16
Right,grip,560,17
Right,up,560,2
Right,up,560,3
Right,up,560,4
Right,up,560,5
Right,up,560,6
Right,left,560,7
Right,left,560,8
Right,left,560,9
Right,up,561,0
Right,up,561,1
Left,left,561,10
Left,left,561,11
Left,left,561,12
Right,left,561,13
Up,grip,561,14
Right,up,561,2
Right,up,561,3
Left,up,561,4
Left,up,561,5
Left,left,561,6
Left,left,561,7
Left,left,561,8
Left,left,561,9
Right,down,562,0
Right,left,562,1
Right,grip,562,10
Right,left,562,2
Right,left,562,3
Right,left,562,4
Right,left,562,5
Right,left,562,6
Right,left,562,7
Right,left,562,8
Right,left,562,9
Right,left,563,0
Right,left,563,1
Right,grip,563,10
Right,left,563,2
Right,left,563,3
Right,left,563,4
Right,left,563,5
Right,left,563,6
Right,left,563,7
Right,left,563,8
Right,left,563,9
Right,down,564,0
Right,down,564,1
Right,down,564,2
Right,down,564,3
Right,down,564,4
Right,left,564,5
Right,left,564,6
Right,grip,564,7
Right,down,565,0
Right,down,565,1
Right,left,565,2
Right,left,565,3
Right,left,565,4
Right,left,565,5
Right,left,565,6
Right,grip,565,7
Right,up,566,0
Right,up,566,1
Right,up,566,2
Right,up,566,3
Left,up,566,4
Left,up,566,5
Right,up,566,6
Right,right,566,7
Right,grip,566,8
Right,up,567,0
Right,up,567,1
Right,up,567,2
Right,up,567,3
Right,left,567,4
Right,grip,567,5
Right,down,568,0
Right,down,568,1
Right,left,568,2
Right,grip,568,3
Right,down,569,0
Right,down,569,1
Right,down,569,2
Right,down,569,3
Right,down,569,4
Right,down,569,5
Right,down,569,6
Right,grip,569,7
Right,down,57,0
Right,down,57,1
Right,down,57,2
Right,down,57,3
Right,down,57,4
Right,grip,57,5
Right,up,570,0
Right,up,570,1
Right,right,570,10
Right,grip,570,11
Right,up,570,2
Right,up,570,3
Right,right,570,4
Right,right,570,5
Right,right,570,6
Right,right,570,7
Right,right,570,8
Right,right,570,9
Right,up,571,0
Right,up,571,1
Right,right,571,10
Right,grip,571,11
Right,up,571,2
Right,up,571,3
Right,up,571,4
Right,up,571,5
Right,right,571,6
Right,right,571,7
Right,right,571,8
Right,right,571,9
Right,right,572,0
Right,right,572,1
Right,right,572,2
Right,grip,572,3
Right,down,573,0
Right,right,573,1
Right,right,573,2
Right,right,573,3
Right,right,573,4
Right,right,573,5
Right,grip,573,6
Right,down,574,0
Right,down,574,1
Right,down,574,2
Right,down,574,3
Right,down,574,4
Right,right,574,5
Right,right,574,6
Right,right,574,7
Right,right,574,8
Right,grip,574,9
Right,down,575,0
Right,down,575,1
Right,right,575,10
Right,right,575,11
Right,right,575,12
Right,grip,575,13
Right,down,575,2
Right,down,575,3
Right,down,575,4
Right,down,575,5
Right,right,575,6
Right,right,575,7
Right,right,575,8
Right,right,575,9
Right,up,58,0
Right,up,58,1
Right,up,58,2
Right,up,58,3
Right,right,58,4
Right,right,58,5
Right,right,58,6
Right,right,58,7
Left,grip,58,8
Right,up,59,0
Right,up,59,1
Right,up,59,2
Right,up,59,3
Right,up,59,4
Right,up,59,5
Right,up,59,6
Right,right,59,7
Right,right,59,8
Right,grip,59,9
Right,up,6,0
Right,up,6,1
Left,grip,6,10
Right,up,6,2
Left,up,6,3
Left,up,6,4
Right,up,6,5
Left,up,6,6
Right,up,6,7
Left,up,6,8
Left,right,6,9
Right,down,60,0
Right,right,60,1
Right,right,60,2
Right,right,60,3
Right,right,60,4
Right,right,60,5
Right,right,60,6
Right,right,60,7
Right,grip,60,8
Right,up,61,0
Right,right,61,1
Right,right,61,2
Right,grip,61,3
Right,down,62,0
Right,down,62,1
Right,right,62,2
Right,right,62,3
Right,right,62,4
Right,right,62,5
Right,grip,62,6
Right,down,63,0
Right,down,63,1
Right,down,63,2
Right,down,63,3
Right,down,63,4
Right,down,63,5
Right,down,63,6
Right,right,63,7
Right,right,63,8
Right,grip,63,9
Right,up,64,0
Right,up,64,1
Right,left,64,10
Right,left,64,11
Right,left,64,12
Right,grip,64,13
Right,up,64,2
Right,up,64,3
Right,up,64,4
Right,up,64,5
Right,up,64,6
Right,up,64,7
Right,up,64,8
Right,up,64,9
Right,up,65,0
Right,up,65,1
Right,left,65,10
Right,left,65,11
Right,grip,65,12
Right,up,65,2
Right,up,65,3
Right,up,65,4
Right,up,65,5
Right,up,65,6
Right,up,65,7
Right,left,65,8
Right,left,65,9
Right,down,66,0
Right,left,66,1
Right,grip,66,2
Right,up,67,0
Right,left,67,1
Right,grip,67,10
Right,left,67,2
Right,left,67,3
Right,left,67,4
Right,left,67,5
Right,left,67,6
Right,left,67,7
Right,left,67,8
Right,left,67,9
Right,down,68,0
Right,down,68,1
Right,left,68,10
Right,left,68,11
Right,left,68,12
Right,grip,68,13
Right,down,68,2
Right,down,68,3
Right,left,68,4
Right,left,68,5
Right,left,68,6
Right,left,68,7
Right,left,68,8
Right,left,68,9
Right,down,69,0
Right,down,69,1
Right,down,69,2
Right,down,69,3
Right,down,69,4
Right,down,69,5
Right,left,69,6
Right,left,69,7
Right,grip,69,8
Left,up,7,0
Left,up,7,1
Left,up,7,2
Left,up,7,3
Left,up,7,4
Left,right,7,5
Left,right,7,6
Left,grip,7,7
Right,up,70,0
Right,up,70,1
Right,up,70,2
Right,up,70,3
Right,up,70,4
Right,up,70,5
Right,grip,70,6
Left,up,71,0
Left,up,71,1
Left,up,71,2
Left,up,71,3
Left,grip,71,4
Right,down,72,0
Right,down,72,1
Right,down,72,2
Right,down,72,3
Right,down,72,4
Right,right,72,5
Right,grip,72,6
Right,down,73,0
Right,down,73,1
Right,down,73,2
Right,down,73,3
Right,down,73,4
Right,down,73,5
Right,grip,73,6
Right,up,74,0
Right,up,74,1
Right,right,74,10
Right,right,74,11
Right,right,74,12
Right,grip,74,13
Right,up,74,2
Right,up,74,3
Right,up,74,4
Right,up,74,5
Right,up,74,6
Right,up,74,7
Right,right,74,8
Right,right,74,9
Right,up,75,0
Right,up,75,1
Right,right,75,2
Right,right,75,3
Right,right,75,4
Right,right,75,5
Right,grip,75,6
Right,up,76,0
Right,right,76,1
Right,right,76,2
Right,right,76,3
Right,grip,76,4
Right,right,77,0
Right,right,77,1
Right,right,77,2
Right,right,77,3
Right,right,77,4
Right,right,77,5
Right,right,77,6
Right,right,77,7
Right,grip,77,8
Right,down,78,0
Right,down,78,1
Right,down,78,2
Right,right,78,3
Right,right,78,4
Right,right,78,5
Right,right,78,6
Right,grip,78,7
Right,down,79,0
Right,down,79,1
Right,right,79,10
Right,right,79,11
Right,grip,79,12
Right,down,79,2
Right,down,79,3
Right,down,79,4
Right,down,79,5
Right,right,79,6
Right,right,79,7
Right,right,79,8
Right,right,79,9
Right,down,8,0
Right,down,8,1
Right,down,8,2
Right,down,8,3
Right,down,8,4
Right,down,8,5
Right,grip,8,6
Right,up,80,0
Right,up,80,1
Right,left,80,10
Right,left,80,11
Right,left,80,12
Right,grip,80,13
Right,up,80,2
Left,up,80,3
Right,up,80,4
Right,up,80,5
Right,up,80,6
Right,left,80,7
Right,left,80,8
Right,left,80,9
Right,up,81,0
Right,up,81,1
Right,left,81,10
Right,left,81,11
Right,left,81,12
Right,grip,81,13
Right,up,81,2
Right,left,81,3
Right,left,81,4
Right,left,81,5
Right,left,81,6
Right,left,81,7
Right,left,81,8
Right,left,81,9
Right,left,82,0
Right,left,82,1
Right,left,82,2
Right,left,82,3
Right,left,82,4
Right,left,82,5
Right,left,82,6
Right,left,82,7
Right,left,82,8
Right,grip,82,9
Right,up,83,0
Right,left,83,1
Right,left,83,2
Right,left,83,3
Right,left,83,4
Right,left,83,5
Right,left,83,6
Right,grip,83,7
Right,down,84,0
Right,down,84,1
Right,left,84,10
Right,left,84,11
Right,grip,84,12
Right,left,84,2
Right,left,84,3
Right,left,84,4
Right,left,84,5
Right,left,84,6
Right,left,84,7
Right,left,84,8
Right,left,84,9
Right,down,85,0
Right,down,85,1
Right,left,85,2
Right,left,85,3
Right,grip,85,4
Right,up,86,0
Right,up,86,1
Right,up,86,2
Right,right,86,3
Right,grip,86,4
Right,up,87,0
Right,up,87,1
Right,grip,87,10
Right,up,87,2
Right,up,87,3
Right,up,87,4
Right,up,87,5
Right,up,87,6
Right,up,87,7
Right,up,87,8
Right,left,87,9
Right,down,88,0
Right,down,88,1
Right,down,88,2
Right,down,88,3
Right,grip,88,4
Right,down,89,0
Right,down,89,1
Right,left,89,2
Right,grip,89,3
Right,down,9,0
Right,down,9,1
Right,down,9,2
Right,down,9,3
Right,right,9,4
Right,grip,9,5
Right,up,90,0
Right,up,90,1
Right,grip,90,10
Right,up,90,2
Right,up,90,3
Right,right,90,4
Right,right,90,5
Right,right,90,6
Right,right,90,7
Right,right,90,8
Right,right,90,9
Right,up,91,0
Right,up,91,1
Right,right,91,10
Right,right,91,11
Right,right,91,12
Right,grip,91,13
Right,up,91,2
Right,up,91,3
Right,up,91,4
Right,up,91,5
Right,up,91,6
Right,up,91,7
Right,up,91,8
Right,right,91,9
Right,down,92,0
Right,right,92,1
Right,right,92,2
Right,right,92,3
Right,grip,92,4
Right,right,93,0
Right,right,93,1
Right,right,93,2
Right,grip,93,3
Right,down,94,0
Right,down,94,1
Right,right,94,10
Right,right,94,11
Right,right,94,12
Right,grip,94,13
Right,down,94,2
Right,down,94,3
Right,down,94,4
Right,down,94,5
Right,right,94,6
Right,right,94,7
Right,right,94,8
Right,right,94,9
Right,down,95,0
Right,down,95,1
Right,down,95,2
Right,down,95,3
Right,down,95,4
Right,right,95,5
Right,right,95,6
Right,grip,95,7
Left,up,96,0
Left,up,96,1
Left,up,96,2
Left,up,96,3
Left,up,96,4
Left,up,96,5
Left,up,96,6
Left,left,96,7
Left,left,96,8
Left,grip,96,9
Left,up,97,0
Left,up,97,1
Left,left,97,10
Left,left,97,11
Left,left,97,12
Left,left,97,13
Left,left,97,14
Left,grip,97,15
Left,up,97,2
Left,up,97,3
Left,up,97,4
Left,up,97,5
Left,up,97,6
Left,up,97,7
Left,up,97,8
Left,left,97,9
Left,left,98,0
Left,left,98,1
Left,left,98,2
Left,left,98,3
Left,left,98,4
Left,left,98,5
Left,left,98,6
Left,grip,98,7
Left,up,99,0
Left,left,99,1
Left,left,99,2
Left,left,99,3
Left,left,99,4
Left,left,99,5
Left,left,99,6
Left,left,99,7
Left,grip,99,8
